Datum;Tabelle
"01.02.2013 14:57:40";"Bilingual"
"01.02.2016 11:16:26";"ZulFächer"
"01.02.2016 11:38:58";"Gliederung"
"01.02.2016 11:54:32";"Fachklasse"
"01.02.2018 15:28:35";"Fachklasse"
"01.03.2016 13:54:30";"Abgangsart"
"01.03.2018 14:03:15";"AndereGrundschulen"
"01.04.2009 09:32:38";"Abgangsart"
"01.04.2009 09:33:05";"Abgangsart"
"01.04.2009 09:33:13";"Abgangsart"
"01.04.2009 09:33:41";"Abgangsart"
"01.04.2009 09:36:04";"Abgangsart"
"01.04.2009 09:36:18";"Abgangsart"
"01.04.2009 09:36:27";"Abgangsart"
"01.04.2009 09:36:41";"Abgangsart"
"01.04.2009 10:37:43";"Herkunftsart"
"01.04.2009 10:37:48";"Herkunftsart"
"01.04.2009 10:37:58";"Herkunftsart"
"01.04.2009 10:38:25";"Herkunftsart"
"01.04.2009 10:38:32";"Herkunftsart"
"01.04.2009 10:38:50";"Herkunftsart"
"01.04.2009 10:40:56";"ZulKuArt"
"01.04.2009 10:41:17";"ZulKuArt"
"01.04.2009 10:42:40";"ZulKuArt"
"01.04.2009 11:44:34";"Abgangsart"
"01.04.2014 15:11:00";"ZulJahrgänge"
"01.04.2015 11:29:05";"ZulJahrgänge"
"01.04.2022 14:47:15";"ZulKuArt"
"01.06.2012 06:38:22";"ZulJahrgänge_Kurzbez"
"01.06.2012 09:20:11";"ZulKuArt"
"01.06.2012 11:55:21";"Abgangsart"
"01.06.2015 13:45:05";"LehrerAnrechnung"
"01.07.2011 09:10:41";"Gliederung"
"01.07.2011 10:57:18";"Fachklasse"
"01.07.2011 17:10:12";"Herkunftsschulform"
"01.07.2016 15:19:44";"ZulFächer"
"01.07.2016 15:21:20";"ZulJahrgänge_Kurzbez"
"01.08.2011 10:13:47";"Fachklasse"
"01.09.2014 11:37:13";"Gliederung"
"01.09.2016 15:28:54";"Herkunftsart"
"01.09.2022 16:27:27";"ZulFächer"
"01.10.2013 08:33:33";"Abgangsart"
"01.10.2019 09:49:37";"Fachklasse"
"01.12.2011 08:10:21";"ZulFächer"
"01.12.2014 15:18:42";"Fachklasse"
"02.01.2017 16:49:50";"Fachklasse"
"02.01.2017 17:19:56";"ZulFächer"
"02.02.2009 13:37:01";"Abgangsart"
"02.02.2009 13:41:44";"Abgangsart"
"02.02.2009 13:42:56";"Abgangsart"
"02.02.2009 13:43:09";"Abgangsart"
"02.02.2017 15:57:54";"LehrerLehrbefaehigung"
"02.03.2016 13:54:01";"Abgangsart"
"02.03.2020 16:00:06";"Fachklasse"
"02.04.2009 14:22:16";"Organisationsform"
"02.04.2009 14:22:19";"Organisationsform"
"02.04.2009 14:22:22";"Organisationsform"
"02.04.2009 14:22:25";"Organisationsform"
"02.04.2009 14:22:27";"Organisationsform"
"02.04.2009 14:22:30";"Organisationsform"
"02.04.2009 14:22:46";"Organisationsform"
"02.04.2009 14:25:32";"Organisationsform"
"02.04.2009 14:25:37";"Organisationsform"
"02.04.2009 14:25:42";"Organisationsform"
"02.04.2009 14:25:47";"Organisationsform"
"02.04.2009 14:25:51";"Organisationsform"
"02.04.2009 14:25:55";"Organisationsform"
"02.04.2009 14:26:00";"Organisationsform"
"02.04.2009 14:26:08";"Organisationsform"
"02.04.2009 14:26:15";"Organisationsform"
"02.04.2009 14:26:19";"Organisationsform"
"02.04.2009 14:26:25";"Organisationsform"
"02.04.2009 14:26:39";"Organisationsform"
"02.04.2009 14:26:51";"Organisationsform"
"02.04.2009 14:26:58";"Organisationsform"
"02.04.2009 14:27:17";"Organisationsform"
"02.04.2009 14:27:29";"Organisationsform"
"02.04.2009 14:27:42";"Organisationsform"
"02.04.2009 14:27:53";"Organisationsform"
"02.04.2009 14:31:22";"Organisationsform"
"02.04.2009 14:31:40";"Organisationsform"
"02.04.2015 10:22:32";"Abgangsart"
"02.04.2020 21:53:16";"Fachklasse"
"02.05.2017 15:10:40";"Abgangsart"
"02.05.2018 10:19:30";"ZulJahrgänge"
"02.05.2018 13:39:34";"Gliederung"
"02.05.2018 16:56:40";"Abgangsart"
"02.06.2010 12:04:46";"ZulKuArt"
"02.06.2014 12:03:32";"ZulKuArt"
"02.06.2016 08:34:11";"ZulFächer"
"02.06.2016 14:52:47";"LehrerMehrleistung"
"02.06.2016 14:53:16";"LehrerMinderleistung"
"02.06.2022 11:54:36";"Gliederung"
"02.07.2010 11:02:18";"ZulFächer"
"02.09.2020 14:11:30";"Fachklasse"
"02.10.2008 09:34:42";"ZulKuArt"
"02.10.2008 09:37:42";"ZulKuArt"
"02.10.2008 09:37:42";"ZulKuArt"
"02.10.2008 09:37:42";"ZulKuArt"
"02.10.2008 09:37:42";"ZulKuArt"
"02.10.2008 09:37:50";"ZulKuArt"
"02.10.2008 09:37:52";"ZulKuArt"
"02.10.2008 09:37:54";"ZulKuArt"
"02.10.2008 09:37:58";"ZulKuArt"
"02.10.2008 09:38:00";"ZulKuArt"
"02.10.2008 09:38:03";"ZulKuArt"
"02.10.2008 09:38:06";"ZulKuArt"
"02.10.2008 09:40:15";"ZulKuArt"
"02.10.2008 09:43:50";"ZulKuArt"
"02.10.2008 10:53:41";"ZulFächer"
"02.10.2008 10:53:41";"ZulFächer"
"02.10.2008 10:53:41";"ZulFächer"
"02.10.2008 10:53:41";"ZulFächer"
"02.10.2008 10:53:52";"ZulFächer"
"02.10.2008 10:53:55";"ZulFächer"
"02.10.2008 10:53:59";"ZulFächer"
"02.10.2008 10:54:04";"ZulFächer"
"02.10.2008 10:54:06";"ZulFächer"
"02.10.2008 10:54:08";"ZulFächer"
"02.10.2008 10:54:10";"ZulFächer"
"02.10.2008 10:54:27";"ZulFächer"
"02.12.2016 08:49:59";"Fachklasse"
"03.01.2017 16:41:55";"Fachklasse"
"03.02.2009 09:21:31";"Abgangsart"
"03.02.2009 09:22:22";"Abgangsart"
"03.02.2009 09:24:32";"Bereiche_BK"
"03.02.2009 09:24:45";"Bereiche_BK"
"03.02.2009 09:24:52";"Bereiche_BK"
"03.02.2009 09:26:02";"Abgangsart"
"03.02.2009 09:54:12";"Abgangsart"
"03.02.2009 09:54:55";"Abgangsart"
"03.02.2009 09:55:06";"Abgangsart"
"03.02.2009 09:56:08";"Abgangsart"
"03.02.2009 10:01:10";"Abgangsart"
"03.02.2009 10:01:26";"Abgangsart"
"03.02.2009 10:01:54";"Abgangsart"
"03.02.2009 10:02:39";"Abgangsart"
"03.02.2009 10:05:06";"Abgangsart"
"03.02.2009 10:05:37";"Abgangsart"
"03.02.2009 10:05:58";"Abgangsart"
"03.02.2009 10:06:56";"Abgangsart"
"03.02.2009 10:12:07";"Abgangsart"
"03.02.2009 10:12:57";"Abgangsart"
"03.02.2009 10:13:31";"Abgangsart"
"03.02.2009 10:15:07";"Abgangsart"
"03.02.2009 10:17:18";"Abgangsart"
"03.02.2009 10:17:55";"Abgangsart"
"03.02.2009 10:18:10";"Abgangsart"
"03.02.2009 10:18:31";"Abgangsart"
"03.02.2009 10:19:00";"Abgangsart"
"03.02.2009 10:19:23";"Abgangsart"
"03.02.2009 10:21:30";"Abgangsart"
"03.02.2009 10:23:27";"Abgangsart"
"03.02.2009 10:24:15";"Abgangsart"
"03.02.2009 10:24:54";"Abgangsart"
"03.02.2009 10:25:46";"Abgangsart"
"03.02.2009 10:25:54";"Abgangsart"
"03.02.2009 10:26:21";"Abgangsart"
"03.02.2009 10:26:52";"Abgangsart"
"03.02.2009 10:27:32";"Abgangsart"
"03.02.2009 10:27:55";"Abgangsart"
"03.02.2009 10:28:38";"Abgangsart"
"03.02.2009 10:28:50";"Abgangsart"
"03.02.2009 10:28:59";"Abgangsart"
"03.02.2009 10:30:39";"Abgangsart"
"03.02.2009 10:31:00";"Abgangsart"
"03.02.2009 10:31:49";"Abgangsart"
"03.02.2009 10:32:35";"Abgangsart"
"03.02.2009 10:33:10";"Abgangsart"
"03.02.2009 10:36:12";"Abgangsart"
"03.02.2009 10:37:03";"Abgangsart"
"03.02.2009 10:37:28";"Abgangsart"
"03.02.2009 10:37:58";"Abgangsart"
"03.02.2009 10:38:27";"Abgangsart"
"03.02.2009 10:39:03";"Abgangsart"
"03.02.2009 10:39:20";"Abgangsart"
"03.02.2009 10:40:33";"Abgangsart"
"03.02.2009 10:41:30";"Abgangsart"
"03.02.2009 10:42:56";"Abgangsart"
"03.02.2009 10:43:14";"Abgangsart"
"03.02.2009 10:43:51";"Abgangsart"
"03.02.2009 10:44:29";"Abgangsart"
"03.02.2009 10:45:03";"Abgangsart"
"03.02.2009 10:46:51";"Abgangsart"
"03.02.2009 10:47:29";"Abgangsart"
"03.02.2009 10:48:28";"Abgangsart"
"03.02.2009 10:53:31";"Abgangsart"
"03.02.2009 10:53:49";"Abgangsart"
"03.02.2009 10:55:47";"Abgangsart"
"03.02.2009 10:56:24";"Abgangsart"
"03.02.2009 10:56:47";"Abgangsart"
"03.02.2009 10:57:08";"Abgangsart"
"03.02.2009 10:57:38";"Abgangsart"
"03.02.2009 10:57:54";"Abgangsart"
"03.02.2009 10:58:20";"Abgangsart"
"03.02.2009 10:58:41";"Abgangsart"
"03.02.2009 10:59:46";"Abgangsart"
"03.02.2009 11:00:04";"Abgangsart"
"03.02.2009 11:00:56";"Abgangsart"
"03.02.2009 11:02:13";"Abgangsart"
"03.02.2009 11:02:25";"Abgangsart"
"03.02.2009 11:02:59";"Abgangsart"
"03.02.2009 11:03:12";"Abgangsart"
"03.02.2009 11:03:58";"Abgangsart"
"03.02.2009 11:05:35";"Abgangsart"
"03.02.2009 11:25:36";"Abgangsart"
"03.02.2009 11:26:18";"Abgangsart"
"03.02.2009 11:26:56";"Abgangsart"
"03.02.2009 11:33:26";"Abgangsart"
"03.02.2009 11:34:11";"Abgangsart"
"03.02.2009 11:34:11";"Abgangsart"
"03.02.2009 11:34:12";"Abgangsart"
"03.02.2009 11:34:12";"Abgangsart"
"03.02.2009 11:34:12";"Abgangsart"
"03.02.2009 11:34:12";"Abgangsart"
"03.02.2009 11:34:12";"Abgangsart"
"03.02.2009 11:34:13";"Abgangsart"
"03.02.2009 11:34:13";"Abgangsart"
"03.02.2009 11:34:13";"Abgangsart"
"03.02.2009 11:34:13";"Abgangsart"
"03.02.2009 11:34:13";"Abgangsart"
"03.02.2009 11:34:14";"Abgangsart"
"03.02.2009 11:34:14";"Abgangsart"
"03.02.2009 11:34:14";"Abgangsart"
"03.02.2009 11:34:14";"Abgangsart"
"03.02.2009 11:34:14";"Abgangsart"
"03.02.2009 11:34:14";"Abgangsart"
"03.02.2009 11:34:15";"Abgangsart"
"03.02.2009 11:34:15";"Abgangsart"
"03.02.2009 11:34:15";"Abgangsart"
"03.02.2009 11:34:15";"Abgangsart"
"03.02.2009 11:34:15";"Abgangsart"
"03.02.2009 11:34:16";"Abgangsart"
"03.02.2009 11:34:16";"Abgangsart"
"03.02.2009 11:34:16";"Abgangsart"
"03.02.2009 11:34:16";"Abgangsart"
"03.02.2009 11:34:16";"Abgangsart"
"03.02.2009 11:34:17";"Abgangsart"
"03.02.2009 11:34:17";"Abgangsart"
"03.02.2009 11:34:17";"Abgangsart"
"03.02.2009 11:34:17";"Abgangsart"
"03.02.2009 11:34:17";"Abgangsart"
"03.02.2009 11:34:18";"Abgangsart"
"03.02.2009 11:34:18";"Abgangsart"
"03.02.2009 11:34:18";"Abgangsart"
"03.02.2009 11:34:18";"Abgangsart"
"03.02.2009 11:34:18";"Abgangsart"
"03.02.2009 11:34:19";"Abgangsart"
"03.02.2009 11:34:19";"Abgangsart"
"03.02.2009 11:34:19";"Abgangsart"
"03.02.2009 11:34:19";"Abgangsart"
"03.02.2009 11:34:19";"Abgangsart"
"03.02.2009 11:34:19";"Abgangsart"
"03.02.2009 11:34:20";"Abgangsart"
"03.02.2009 11:34:20";"Abgangsart"
"03.02.2009 11:34:20";"Abgangsart"
"03.02.2009 11:34:20";"Abgangsart"
"03.02.2009 11:34:20";"Abgangsart"
"03.02.2009 11:34:21";"Abgangsart"
"03.02.2009 11:34:21";"Abgangsart"
"03.02.2009 11:34:21";"Abgangsart"
"03.02.2009 11:34:21";"Abgangsart"
"03.02.2009 11:34:21";"Abgangsart"
"03.02.2009 11:34:22";"Abgangsart"
"03.02.2009 11:34:22";"Abgangsart"
"03.02.2009 11:34:22";"Abgangsart"
"03.02.2009 11:34:22";"Abgangsart"
"03.02.2009 11:34:22";"Abgangsart"
"03.02.2009 11:34:23";"Abgangsart"
"03.02.2009 11:34:23";"Abgangsart"
"03.02.2009 11:34:23";"Abgangsart"
"03.02.2009 11:34:23";"Abgangsart"
"03.02.2009 11:34:23";"Abgangsart"
"03.02.2009 11:34:24";"Abgangsart"
"03.02.2009 11:34:24";"Abgangsart"
"03.02.2009 11:34:24";"Abgangsart"
"03.02.2009 11:34:24";"Abgangsart"
"03.02.2009 11:34:24";"Abgangsart"
"03.02.2009 11:34:24";"Abgangsart"
"03.02.2009 11:34:25";"Abgangsart"
"03.02.2009 11:34:25";"Abgangsart"
"03.02.2009 11:34:25";"Abgangsart"
"03.02.2009 11:34:25";"Abgangsart"
"03.02.2009 11:34:33";"Abgangsart"
"03.02.2009 11:34:35";"Abgangsart"
"03.02.2009 11:34:37";"Abgangsart"
"03.02.2009 11:34:39";"Abgangsart"
"03.02.2009 11:34:45";"Abgangsart"
"03.02.2009 11:34:47";"Abgangsart"
"03.02.2009 11:34:49";"Abgangsart"
"03.02.2009 11:34:51";"Abgangsart"
"03.02.2009 11:34:52";"Abgangsart"
"03.02.2009 11:34:54";"Abgangsart"
"03.02.2009 11:35:00";"Abgangsart"
"03.02.2009 11:35:02";"Abgangsart"
"03.02.2009 11:35:04";"Abgangsart"
"03.02.2009 11:35:07";"Abgangsart"
"03.02.2009 11:35:08";"Abgangsart"
"03.02.2009 11:35:10";"Abgangsart"
"03.02.2009 11:35:18";"Abgangsart"
"03.02.2009 11:35:20";"Abgangsart"
"03.02.2009 11:35:22";"Abgangsart"
"03.02.2009 11:35:23";"Abgangsart"
"03.02.2009 11:35:25";"Abgangsart"
"03.02.2009 11:35:28";"Abgangsart"
"03.02.2009 11:35:33";"Abgangsart"
"03.02.2009 11:35:35";"Abgangsart"
"03.02.2009 11:35:37";"Abgangsart"
"03.02.2009 11:35:39";"Abgangsart"
"03.02.2009 11:35:40";"Abgangsart"
"03.02.2009 11:35:42";"Abgangsart"
"03.02.2009 11:35:48";"Abgangsart"
"03.02.2009 11:35:50";"Abgangsart"
"03.02.2009 11:35:52";"Abgangsart"
"03.02.2009 11:35:54";"Abgangsart"
"03.02.2009 11:35:56";"Abgangsart"
"03.02.2009 11:35:58";"Abgangsart"
"03.02.2009 11:36:05";"Abgangsart"
"03.02.2009 11:36:07";"Abgangsart"
"03.02.2009 11:36:08";"Abgangsart"
"03.02.2009 11:36:10";"Abgangsart"
"03.02.2009 11:36:11";"Abgangsart"
"03.02.2009 11:36:14";"Abgangsart"
"03.02.2009 11:36:20";"Abgangsart"
"03.02.2009 11:36:22";"Abgangsart"
"03.02.2009 11:36:26";"Abgangsart"
"03.02.2009 11:36:27";"Abgangsart"
"03.02.2009 11:36:29";"Abgangsart"
"03.02.2009 11:36:32";"Abgangsart"
"03.02.2009 11:36:38";"Abgangsart"
"03.02.2009 11:36:39";"Abgangsart"
"03.02.2009 11:36:42";"Abgangsart"
"03.02.2009 11:36:44";"Abgangsart"
"03.02.2009 11:36:46";"Abgangsart"
"03.02.2009 11:36:51";"Abgangsart"
"03.02.2009 11:36:59";"Abgangsart"
"03.02.2009 11:37:00";"Abgangsart"
"03.02.2009 11:37:07";"Abgangsart"
"03.02.2009 11:38:10";"Abgangsart"
"03.02.2009 11:38:20";"Abgangsart"
"03.02.2009 11:38:37";"Abgangsart"
"03.02.2009 11:38:40";"Abgangsart"
"03.02.2009 11:38:44";"Abgangsart"
"03.02.2009 11:38:45";"Abgangsart"
"03.02.2009 11:38:47";"Abgangsart"
"03.02.2009 11:38:53";"Abgangsart"
"03.02.2009 11:38:55";"Abgangsart"
"03.02.2009 11:38:57";"Abgangsart"
"03.02.2009 11:38:59";"Abgangsart"
"03.02.2009 11:39:01";"Abgangsart"
"03.02.2009 11:39:09";"Abgangsart"
"03.03.2015 12:36:10";"Gliederung"
"03.03.2015 15:30:34";"Nationalitäten"
"03.04.2009 09:08:38";"Herkunftsart"
"03.04.2009 09:08:40";"Herkunftsart"
"03.04.2009 09:08:50";"Herkunftsart"
"03.04.2009 09:09:14";"Herkunftsart"
"03.04.2009 09:19:13";"Herkunftsart"
"03.04.2009 09:19:14";"Herkunftsart"
"03.04.2009 09:19:16";"Herkunftsart"
"03.04.2009 09:19:19";"Herkunftsart"
"03.04.2009 09:19:25";"Herkunftsart"
"03.04.2009 09:19:30";"Herkunftsart"
"03.04.2009 09:19:36";"Herkunftsart"
"03.04.2009 09:19:46";"Herkunftsart"
"03.04.2014 08:58:51";"Fachklasse"
"03.04.2014 13:30:40";"ZulFächer"
"03.04.2014 13:32:18";"SchuelerErsteSchulformSekI"
"03.04.2014 16:32:27";"Abgangsart"
"03.04.2018 11:01:06";"LehrerLehrbefaehigung"
"03.04.2018 14:10:09";"LehrerAnrechnung"
"03.04.2018 17:20:12";"ZulFächer"
"03.04.2020 14:47:27";"Fachklasse"
"03.04.2020 15:26:40";"ZulFächer"
"03.05.2018 14:57:04";"Abgangsart"
"03.05.2020 16:34:57";"Fachklasse"
"03.06.2016 12:49:36";"ZulJahrgänge_Kurzbez"
"03.06.2019 10:55:34";"Fachklasse"
"03.06.2020 11:47:34";"ZulFächer"
"03.07.2009 11:21:22";"ZulJahrgänge_Kurzbez"
"03.07.2012 07:04:46";"Herkunftsschulform"
"03.08.2021 11:48:15";"Fachklasse"
"03.08.2022 13:21:12";"ZulJahrgänge"
"03.08.2022 14:07:12";"Schuelerverkehrssprache"
"03.09.2019 14:39:51";"Fachklasse"
"03.09.2020 13:43:04";"Fachklasse"
"03.11.2009 09:30:36";"Fachklasse"
"03.12.2008 09:10:03";"Fachklasse"
"03.12.2014 11:40:46";"Fachklasse"
"04.01.2021 15:33:48";"ZulFächer"
"04.02.2009 14:22:42";"Fachklasse"
"04.02.2009 14:24:11";"Gliederung"
"04.02.2009 14:24:20";"Gliederung"
"04.02.2009 14:24:37";"Gliederung"
"04.02.2009 14:26:11";"Gliederung"
"04.02.2009 14:27:15";"Gliederung"
"04.02.2009 14:27:35";"Gliederung"
"04.02.2009 14:34:52";"Gliederung"
"04.02.2009 14:38:55";"Fachklasse"
"04.02.2009 14:46:15";"Gliederung"
"04.02.2009 14:46:36";"Gliederung"
"04.02.2009 14:47:26";"Gliederung"
"04.02.2009 14:47:52";"Fachklasse"
"04.02.2009 14:48:06";"Gliederung"
"04.02.2009 14:48:31";"Gliederung"
"04.02.2009 14:49:54";"Gliederung"
"04.02.2009 14:51:01";"Gliederung"
"04.02.2009 14:52:35";"Gliederung"
"04.02.2015 11:18:08";"Fachklasse"
"04.02.2020 11:18:28";"Fachklasse"
"04.03.2009 12:19:09";"Abgangsart"
"04.03.2009 12:20:08";"Abgangsart"
"04.03.2009 12:20:31";"Abgangsart"
"04.03.2009 12:20:53";"Abgangsart"
"04.03.2009 12:20:57";"Abgangsart"
"04.03.2009 12:22:51";"Abgangsart"
"04.03.2009 12:23:01";"Abgangsart"
"04.03.2009 12:23:35";"Abgangsart"
"04.03.2009 12:23:55";"Abgangsart"
"04.03.2009 12:24:25";"Abgangsart"
"04.03.2009 12:24:32";"Abgangsart"
"04.03.2009 12:30:37";"Abgangsart"
"04.03.2009 12:31:15";"Abgangsart"
"04.03.2009 12:31:34";"Abgangsart"
"04.03.2009 12:32:08";"Abgangsart"
"04.03.2009 12:32:22";"Abgangsart"
"04.03.2009 12:32:42";"Abgangsart"
"04.03.2009 12:32:51";"Abgangsart"
"04.03.2009 12:33:00";"Abgangsart"
"04.03.2013 15:27:30";"ZulKuArt"
"04.03.2015 10:18:02";"Gliederung"
"04.03.2021 17:14:47";"Fachklasse"
"04.04.2014 12:24:46";"Abgangsart"
"04.04.2014 12:48:26";"Fachklasse"
"04.04.2018 17:20:00";"ZulFächer"
"04.04.2019 13:26:46";"Gliederung"
"04.04.2022 13:12:23";"ZulKuArt"
"04.05.2009 09:40:38";"ZulJahrgänge_Kurzbez"
"04.05.2009 09:41:03";"ZulJahrgänge_Kurzbez"
"04.05.2009 09:41:11";"ZulJahrgänge_Kurzbez"
"04.05.2009 09:41:30";"ZulJahrgänge_Kurzbez"
"04.05.2009 09:51:30";"ZulKuArt"
"04.05.2015 16:59:50";"ZulFächer"
"04.05.2016 13:25:47";"Herkunftsart"
"04.05.2018 08:32:22";"Gliederung"
"04.05.2018 16:07:15";"ZulKuArt"
"04.05.2022 09:56:22";"Fachklasse"
"04.05.2022 10:20:42";"LehrerFachrichtung"
"04.05.2022 10:21:58";"LehrerLehrbefaehigung"
"04.06.2009 12:13:02";"Fachklasse"
"04.06.2009 12:39:47";"Fachklasse"
"04.06.2009 12:39:51";"Fachklasse"
"04.06.2009 12:51:29";"Fachklasse"
"04.06.2009 12:51:55";"Fachklasse"
"04.06.2009 12:52:11";"Fachklasse"
"04.06.2009 16:42:45";"Gliederung"
"04.06.2013 08:19:15";"Fachklasse"
"04.06.2013 16:23:53";"Abgangsart"
"04.06.2014 14:32:01";"Gliederung"
"04.07.2011 12:16:47";"ZulJahrgänge"
"04.07.2011 14:00:45";"Förderschwerpunkt"
"04.07.2011 15:15:25";"AndereGrundschulen"
"04.07.2016 10:56:24";"Abgangsart"
"04.07.2019 13:57:08";"Fachklasse"
"04.08.2022 14:35:39";"ZulFächer"
"04.09.2009 09:33:33";"Fachklasse"
"04.09.2009 09:36:31";"Fachklasse"
"04.09.2009 09:38:41";"Fachklasse"
"04.09.2009 09:41:10";"Fachklasse"
"04.09.2009 11:55:08";"Fachklasse"
"04.09.2009 11:55:27";"Fachklasse"
"04.09.2009 11:55:34";"Fachklasse"
"04.09.2009 11:55:56";"Fachklasse"
"04.09.2009 11:56:07";"Fachklasse"
"04.09.2009 11:56:20";"Fachklasse"
"04.09.2014 07:46:53";"Fachklasse"
"04.09.2014 13:07:18";"Gliederung"
"04.09.2014 15:29:17";"ZulFächer"
"04.10.2013 08:15:50";"ZulJahrgänge_Kurzbez"
"04.10.2013 08:19:29";"ZulJahrgänge"
"04.10.2018 14:54:30";"Fachklasse"
"04.10.2019 07:29:19";"Fachklasse"
"04.12.2018 14:28:11";"Fachklasse"
"05.01.2015 12:21:40";"Fachklasse"
"05.01.2017 16:26:00";"Abgangsart"
"05.02.2009 08:00:18";"Fachklasse"
"05.02.2009 08:01:43";"Fachklasse"
"05.02.2009 08:03:21";"Fachklasse"
"05.02.2009 08:04:43";"Fachklasse"
"05.02.2009 08:06:49";"Fachklasse"
"05.02.2009 08:10:36";"Fachklasse"
"05.02.2009 08:11:06";"Gliederung"
"05.02.2009 08:11:09";"Gliederung"
"05.02.2009 08:11:27";"Gliederung"
"05.02.2009 08:13:20";"Gliederung"
"05.02.2009 08:16:53";"Gliederung"
"05.02.2009 08:17:09";"Gliederung"
"05.02.2009 08:21:01";"Gliederung"
"05.02.2009 08:21:43";"Fachklasse"
"05.02.2009 08:24:32";"Herkunftsart"
"05.02.2009 08:24:37";"Herkunftsart"
"05.02.2009 08:27:04";"Förderschwerpunkt"
"05.02.2009 10:55:53";"Organisationsform"
"05.02.2009 10:55:54";"Organisationsform"
"05.02.2009 10:55:56";"Organisationsform"
"05.02.2009 10:55:58";"Organisationsform"
"05.02.2009 10:55:59";"Organisationsform"
"05.02.2009 10:56:02";"Organisationsform"
"05.02.2009 10:56:06";"Organisationsform"
"05.02.2009 10:56:07";"Organisationsform"
"05.02.2009 10:56:21";"Organisationsform"
"05.02.2009 10:56:34";"Organisationsform"
"05.02.2009 10:56:42";"Organisationsform"
"05.02.2009 10:56:53";"Organisationsform"
"05.02.2009 10:57:03";"Organisationsform"
"05.02.2009 10:57:06";"Organisationsform"
"05.02.2009 10:57:09";"Organisationsform"
"05.02.2009 10:57:12";"Organisationsform"
"05.02.2009 10:57:16";"Organisationsform"
"05.02.2009 10:57:29";"Organisationsform"
"05.02.2009 10:58:33";"Organisationsform"
"05.02.2009 10:58:45";"Organisationsform"
"05.02.2009 10:58:45";"Organisationsform"
"05.02.2009 10:58:45";"Organisationsform"
"05.02.2009 10:58:46";"Organisationsform"
"05.02.2009 10:58:46";"Organisationsform"
"05.02.2009 10:58:46";"Organisationsform"
"05.02.2009 10:58:46";"Organisationsform"
"05.02.2009 10:58:47";"Organisationsform"
"05.02.2009 10:58:47";"Organisationsform"
"05.02.2009 10:58:47";"Organisationsform"
"05.02.2009 10:59:02";"Organisationsform"
"05.02.2009 10:59:03";"Organisationsform"
"05.02.2009 10:59:04";"Organisationsform"
"05.02.2009 10:59:06";"Organisationsform"
"05.02.2009 10:59:11";"Organisationsform"
"05.02.2009 10:59:13";"Organisationsform"
"05.02.2009 10:59:14";"Organisationsform"
"05.02.2009 10:59:16";"Organisationsform"
"05.02.2009 10:59:18";"Organisationsform"
"05.02.2009 10:59:30";"Organisationsform"
"05.02.2009 10:59:34";"Organisationsform"
"05.02.2009 10:59:36";"Organisationsform"
"05.02.2009 10:59:39";"Organisationsform"
"05.02.2009 10:59:42";"Organisationsform"
"05.02.2009 10:59:45";"Organisationsform"
"05.02.2009 10:59:48";"Organisationsform"
"05.02.2009 10:59:51";"Organisationsform"
"05.02.2009 11:00:00";"Organisationsform"
"05.02.2009 11:00:03";"Organisationsform"
"05.02.2009 11:00:05";"Organisationsform"
"05.02.2009 11:00:06";"Organisationsform"
"05.02.2009 11:00:09";"Organisationsform"
"05.02.2009 11:00:11";"Organisationsform"
"05.02.2009 11:00:16";"Organisationsform"
"05.02.2009 11:00:19";"Organisationsform"
"05.02.2009 11:00:22";"Organisationsform"
"05.02.2009 11:00:24";"Organisationsform"
"05.02.2009 11:00:27";"Organisationsform"
"05.02.2009 11:00:37";"Organisationsform"
"05.02.2009 11:00:51";"Organisationsform"
"05.02.2009 11:32:46";"Religionen"
"05.02.2009 11:33:46";"Organisationsform"
"05.02.2009 11:33:53";"Organisationsform"
"05.02.2009 11:33:58";"Organisationsform"
"05.02.2009 11:34:05";"Organisationsform"
"05.02.2009 11:34:10";"Organisationsform"
"05.02.2009 11:34:15";"Organisationsform"
"05.02.2009 11:34:20";"Organisationsform"
"05.02.2009 11:34:26";"Organisationsform"
"05.02.2009 11:34:32";"Organisationsform"
"05.02.2009 11:34:40";"Organisationsform"
"05.02.2009 11:34:46";"Organisationsform"
"05.02.2009 11:34:53";"Organisationsform"
"05.02.2009 11:34:58";"Organisationsform"
"05.02.2009 11:35:03";"Organisationsform"
"05.02.2009 11:35:08";"Organisationsform"
"05.02.2009 11:35:17";"Organisationsform"
"05.02.2009 11:35:22";"Organisationsform"
"05.02.2009 11:36:21";"Organisationsform"
"05.02.2009 11:37:30";"Organisationsform"
"05.02.2009 15:47:52";"ZulFächer"
"05.02.2009 15:48:15";"ZulFächer"
"05.02.2009 15:48:19";"ZulFächer"
"05.02.2009 15:48:47";"ZulFächer"
"05.02.2014 08:27:03";"Fachklasse"
"05.03.2014 16:10:05";"LehrerLehrbefaehigung"
"05.03.2015 16:01:02";"ZulJahrgänge"
"05.03.2018 14:16:17";"Fachklasse"
"05.03.2021 16:34:45";"Fachklasse"
"05.03.2021 17:27:40";"LehrerAnrechnung"
"05.04.2013 16:05:09";"Gliederung"
"05.04.2018 14:11:57";"ZulFächer"
"05.04.2019 10:46:38";"Gliederung"
"05.04.2022 17:09:57";"ZulFächer"
"05.05.2011 11:24:56";"Fachklasse"
"05.05.2022 09:19:00";"Fachklasse"
"05.05.2022 10:24:51";"ZulFächer"
"05.05.2022 12:29:14";"Abgangsart"
"05.06.2009 06:59:12";"ZulJahrgänge_Kurzbez"
"05.06.2009 06:59:12";"ZulJahrgänge_Kurzbez"
"05.06.2009 06:59:19";"ZulJahrgänge_Kurzbez"
"05.06.2009 06:59:22";"ZulJahrgänge_Kurzbez"
"05.06.2009 06:59:29";"ZulJahrgänge_Kurzbez"
"05.06.2009 06:59:36";"ZulJahrgänge_Kurzbez"
"05.06.2009 06:59:53";"ZulJahrgänge_Kurzbez"
"05.06.2009 06:59:56";"ZulJahrgänge_Kurzbez"
"05.06.2009 07:01:10";"ZulJahrgänge_Kurzbez"
"05.06.2009 07:01:30";"ZulJahrgänge_Kurzbez"
"05.06.2009 07:06:55";"Organisationsform"
"05.06.2009 07:47:16";"Gliederung"
"05.06.2009 07:48:10";"Gliederung"
"05.06.2009 07:55:32";"Gliederung"
"05.06.2009 07:55:35";"Gliederung"
"05.06.2009 07:55:37";"Gliederung"
"05.06.2009 07:55:40";"Gliederung"
"05.06.2009 07:55:45";"Gliederung"
"05.06.2009 08:08:15";"Gliederung"
"05.06.2009 08:08:17";"Gliederung"
"05.06.2009 08:08:19";"Gliederung"
"05.06.2009 08:08:23";"Gliederung"
"05.06.2009 08:09:02";"Gliederung"
"05.06.2009 11:32:49";"Gliederung"
"05.06.2009 11:32:56";"Gliederung"
"05.06.2009 15:16:54";"ZulKuArt"
"05.06.2009 15:17:17";"ZulKuArt"
"05.06.2013 16:28:22";"Abgangsart"
"05.06.2014 15:26:42";"LehrerAnrechnung"
"05.06.2018 16:16:25";"ZulFächer"
"05.07.2011 06:57:48";"ZulKuArt"
"05.07.2011 08:57:25";"Herkunftsart"
"05.07.2011 10:46:48";"Herkunftsschulform"
"05.07.2019 16:19:16";"Fachklasse"
"05.08.2019 11:19:50";"Fachklasse"
"05.09.2012 10:12:36";"Fachklasse"
"05.09.2014 12:25:52";"Fachklasse"
"05.11.2008 14:44:35";"Organisationsform"
"05.11.2008 14:44:52";"Organisationsform"
"05.11.2008 14:45:07";"Organisationsform"
"05.11.2008 14:45:26";"Organisationsform"
"05.11.2008 14:45:30";"Organisationsform"
"05.11.2008 14:45:36";"Organisationsform"
"05.11.2008 14:45:42";"Organisationsform"
"05.11.2008 14:45:49";"Organisationsform"
"05.11.2008 14:45:53";"Organisationsform"
"05.11.2008 14:45:58";"Organisationsform"
"05.11.2008 14:46:03";"Organisationsform"
"05.11.2008 14:46:15";"Organisationsform"
"05.12.2012 12:11:36";"Fachklasse"
"05.12.2016 15:53:41";"Fachklasse"
"06.01.2009 09:38:16";"ZulFächer"
"06.01.2009 09:38:27";"ZulFächer"
"06.01.2009 09:38:34";"ZulFächer"
"06.01.2009 09:38:41";"ZulFächer"
"06.01.2009 09:38:48";"ZulFächer"
"06.01.2009 09:38:56";"ZulFächer"
"06.01.2009 09:39:04";"ZulFächer"
"06.01.2009 09:39:19";"ZulFächer"
"06.01.2009 09:39:39";"ZulFächer"
"06.01.2009 09:39:52";"ZulFächer"
"06.01.2009 09:40:02";"ZulFächer"
"06.01.2017 10:35:33";"ZulKuArt"
"06.01.2021 14:31:15";"ZulKuArt"
"06.01.2021 14:55:01";"SchuelerUebergangsempfehlung5Jg"
"06.01.2021 15:07:05";"SchuelerErsteSchulformSekI"
"06.01.2021 15:20:10";"Förderschwerpunkt"
"06.02.2017 08:12:28";"ZulJahrgänge_Kurzbez"
"06.02.2017 08:23:23";"Gliederung"
"06.02.2017 08:25:21";"ZulKuArt"
"06.02.2017 08:25:48";"Organisationsform"
"06.02.2017 09:18:29";"ZulJahrgänge"
"06.03.2009 09:07:50";"AndereGrundschulen"
"06.03.2009 09:08:11";"AndereGrundschulen"
"06.03.2009 09:27:31";"AndereGrundschulen"
"06.03.2009 09:29:44";"AndereGrundschulen"
"06.03.2009 09:29:56";"AndereGrundschulen"
"06.03.2009 09:33:07";"AndereGrundschulen"
"06.03.2009 09:33:15";"AndereGrundschulen"
"06.03.2009 09:35:45";"AndereGrundschulen"
"06.03.2009 09:36:29";"AndereGrundschulen"
"06.03.2009 10:00:51";"AndereGrundschulen"
"06.03.2009 10:01:36";"AndereGrundschulen"
"06.03.2009 10:03:47";"AndereGrundschulen"
"06.03.2009 10:09:00";"AndereGrundschulen"
"06.03.2009 10:27:52";"AndereGrundschulen"
"06.03.2013 13:26:52";"Fachklasse"
"06.03.2015 11:24:38";"Förderschwerpunkt"
"06.03.2015 11:36:31";"ZulKuArt"
"06.03.2015 11:43:49";"ZulJahrgänge"
"06.03.2015 11:44:30";"ZulJahrgänge_Kurzbez"
"06.03.2018 14:12:05";"ZulFächer"
"06.03.2018 14:35:28";"Fachklasse"
"06.03.2020 15:38:17";"Fachklasse"
"06.04.2009 12:27:18";"AndereGrundschulen"
"06.04.2009 12:27:22";"AndereGrundschulen"
"06.04.2009 12:27:26";"AndereGrundschulen"
"06.04.2009 12:27:29";"AndereGrundschulen"
"06.04.2009 12:27:47";"AndereGrundschulen"
"06.04.2009 12:27:51";"AndereGrundschulen"
"06.04.2009 12:27:55";"AndereGrundschulen"
"06.04.2009 12:27:58";"AndereGrundschulen"
"06.04.2009 12:28:01";"AndereGrundschulen"
"06.04.2009 12:28:05";"AndereGrundschulen"
"06.04.2009 12:28:09";"AndereGrundschulen"
"06.04.2009 12:28:13";"AndereGrundschulen"
"06.04.2009 12:28:16";"AndereGrundschulen"
"06.04.2009 12:28:22";"AndereGrundschulen"
"06.04.2009 12:28:38";"AndereGrundschulen"
"06.04.2009 12:29:21";"AndereGrundschulen"
"06.04.2009 12:29:39";"AndereGrundschulen"
"06.04.2009 12:29:44";"AndereGrundschulen"
"06.04.2009 12:29:48";"AndereGrundschulen"
"06.04.2009 12:30:07";"AndereGrundschulen"
"06.04.2009 12:31:25";"AndereGrundschulen"
"06.04.2017 15:25:54";"Fachklasse"
"06.04.2018 16:24:22";"ZulFächer"
"06.04.2020 13:13:44";"LehrerAnrechnung"
"06.04.2020 14:59:05";"LehrerLehrbefaehigung"
"06.04.2022 10:56:56";"ZulKuArt"
"06.04.2022 15:10:29";"ZulFächer"
"06.05.2013 09:13:53";"ZulJahrgänge_Kurzbez"
"06.05.2013 10:19:52";"Fachklasse"
"06.05.2015 12:35:35";"ZulFächer"
"06.05.2016 09:03:58";"ZulJahrgänge_Kurzbez"
"06.05.2019 16:26:07";"Gliederung"
"06.05.2020 11:33:04";"ZulFächer"
"06.05.2022 15:17:58";"ZulFächer"
"06.06.2012 12:18:36";"ZulKuArt"
"06.06.2012 12:29:18";"Organisationsform"
"06.06.2012 13:16:43";"Gliederung"
"06.06.2012 13:23:51";"ZulJahrgänge_Kurzbez"
"06.06.2012 13:24:53";"ZulJahrgänge"
"06.06.2012 14:11:44";"Herkunftsschulform"
"06.06.2012 14:30:20";"Herkunftsart"
"06.06.2013 13:20:30";"Abgangsart"
"06.06.2018 14:27:11";"ZulFächer"
"06.06.2019 10:12:57";"ZulKuArt"
"06.07.2009 13:05:00";"ZulKuArt"
"06.07.2009 13:05:13";"ZulKuArt"
"06.07.2011 10:49:45";"ZulJahrgänge_Kurzbez"
"06.07.2011 10:51:56";"Förderschwerpunkt"
"06.07.2011 12:41:55";"Abgangsart"
"06.07.2012 13:38:42";"ZulFächer"
"06.07.2016 08:59:31";"Fachklasse"
"06.08.2021 07:31:13";"Fachklasse"
"06.09.2012 12:59:14";"ZulKuArt"
"06.10.2011 08:15:32";"ZulKuArt"
"06.10.2011 09:02:23";"Fachklasse"
"06.11.2008 09:53:35";"Organisationsform"
"06.11.2008 09:53:57";"Organisationsform"
"06.11.2008 09:54:03";"Organisationsform"
"06.11.2008 09:54:10";"Organisationsform"
"06.11.2008 09:54:16";"Organisationsform"
"06.11.2008 09:54:29";"Organisationsform"
"06.11.2008 09:54:32";"Organisationsform"
"06.11.2008 09:54:34";"Organisationsform"
"06.11.2008 09:54:36";"Organisationsform"
"06.11.2008 09:54:38";"Organisationsform"
"06.11.2008 09:54:40";"Organisationsform"
"06.11.2008 09:54:44";"Organisationsform"
"06.11.2008 09:54:49";"Organisationsform"
"06.11.2008 09:54:53";"Organisationsform"
"06.11.2008 09:54:57";"Organisationsform"
"06.11.2008 09:55:05";"Organisationsform"
"06.11.2008 09:55:08";"Organisationsform"
"06.11.2008 09:55:10";"Organisationsform"
"06.11.2008 09:55:11";"Organisationsform"
"06.11.2008 09:55:13";"Organisationsform"
"06.11.2008 09:55:43";"Organisationsform"
"06.11.2008 09:55:57";"Organisationsform"
"06.11.2008 09:56:06";"Organisationsform"
"06.11.2008 09:56:31";"Organisationsform"
"06.11.2008 09:57:12";"Organisationsform"
"06.11.2008 11:36:55";"Organisationsform"
"06.11.2008 11:36:58";"Organisationsform"
"06.11.2008 11:37:03";"Organisationsform"
"06.11.2008 11:37:07";"Organisationsform"
"06.11.2008 11:37:12";"Organisationsform"
"06.11.2008 11:37:17";"Organisationsform"
"06.11.2008 11:37:22";"Organisationsform"
"06.11.2008 11:37:26";"Organisationsform"
"06.11.2008 11:37:47";"Organisationsform"
"07.02.2013 08:59:52";"Fachklasse"
"07.02.2017 10:56:01";"ZulFächer"
"07.02.2017 10:56:31";"ZulJahrgänge_Kurzbez"
"07.02.2017 14:45:01";"ZulKuArt"
"07.03.2016 13:34:52";"ZulFächer"
"07.03.2017 13:37:21";"Fachklasse"
"07.03.2018 12:10:21";"ZulFächer"
"07.03.2018 16:16:40";"Fachklasse"
"07.04.2009 13:13:29";"ZulJahrgänge_Kurzbez"
"07.04.2009 13:13:36";"ZulJahrgänge_Kurzbez"
"07.04.2009 13:14:35";"ZulJahrgänge_Kurzbez"
"07.04.2009 13:14:44";"ZulJahrgänge_Kurzbez"
"07.04.2009 13:15:50";"ZulJahrgänge_Kurzbez"
"07.04.2009 13:16:42";"ZulJahrgänge_Kurzbez"
"07.04.2009 13:17:08";"ZulJahrgänge_Kurzbez"
"07.04.2009 13:29:23";"ZulJahrgänge"
"07.04.2009 13:29:58";"ZulJahrgänge"
"07.04.2009 13:31:02";"ZulJahrgänge_Kurzbez"
"07.04.2009 13:31:14";"ZulJahrgänge_Kurzbez"
"07.04.2009 13:31:29";"ZulJahrgänge_Kurzbez"
"07.04.2009 13:31:51";"ZulJahrgänge_Kurzbez"
"07.04.2009 13:31:56";"ZulJahrgänge_Kurzbez"
"07.04.2009 13:32:12";"ZulJahrgänge_Kurzbez"
"07.04.2009 13:32:23";"ZulJahrgänge_Kurzbez"
"07.04.2009 13:32:27";"ZulJahrgänge_Kurzbez"
"07.04.2009 13:32:31";"ZulJahrgänge_Kurzbez"
"07.04.2009 13:33:04";"ZulJahrgänge_Kurzbez"
"07.04.2020 11:17:47";"LehrerAnrechnung"
"07.04.2020 13:14:10";"ZulFächer"
"07.04.2020 13:17:26";"Abgangsart"
"07.04.2020 15:21:04";"LehrerLehrbefaehigung"
"07.05.2015 15:08:55";"ZulFächer"
"07.05.2020 09:15:50";"Abgangsart"
"07.05.2020 21:59:26";"Fachklasse"
"07.06.2013 11:12:12";"Abgangsart"
"07.06.2021 10:15:17";"Fachklasse"
"07.07.2011 08:55:34";"ZulFächer"
"07.07.2011 09:07:40";"ZulJahrgänge_Kurzbez"
"07.07.2011 13:40:26";"ZulJahrgänge"
"07.07.2011 15:57:23";"Förderschwerpunkt"
"07.07.2014 10:15:08";"Fachklasse"
"07.07.2016 13:01:38";"Gliederung"
"07.08.2012 15:34:12";"Fachklasse"
"07.09.2009 10:12:54";"Fachklasse"
"07.09.2009 10:13:37";"Fachklasse"
"07.09.2009 10:13:45";"Fachklasse"
"07.09.2009 10:14:19";"Fachklasse"
"07.09.2009 10:14:41";"Fachklasse"
"07.09.2009 10:14:51";"Fachklasse"
"07.09.2009 10:15:01";"Fachklasse"
"07.09.2009 10:15:20";"Fachklasse"
"07.09.2009 10:15:51";"Fachklasse"
"07.09.2009 10:16:04";"Fachklasse"
"07.09.2009 10:16:31";"Fachklasse"
"07.09.2012 08:50:51";"Abgangsart"
"07.09.2012 12:30:55";"ZulKuArt"
"07.09.2020 12:45:38";"ZulFächer"
"07.09.2020 14:27:29";"Fachklasse"
"07.09.2022 15:14:36";"ZulKuArt"
"07.09.2022 15:30:23";"ZulFächer"
"07.10.2010 09:19:56";"Fachklasse"
"07.10.2016 15:07:01";"Fachklasse"
"07.12.2016 09:35:29";"Fachklasse"
"08.01.2014 09:42:57";"Herkunftsart"
"08.01.2015 08:26:04";"Fachklasse"
"08.01.2018 14:02:08";"ZulFächer"
"08.02.2017 12:02:08";"Herkunftsschulform"
"08.02.2017 12:13:11";"Gliederung"
"08.02.2021 11:19:02";"LehrerLehramt"
"08.03.2016 13:15:15";"LehrerLehrbefaehigung"
"08.03.2021 15:57:02";"Fachklasse"
"08.04.2009 08:23:43";"Fachklasse"
"08.04.2009 08:24:12";"Fachklasse"
"08.04.2009 08:24:15";"Fachklasse"
"08.04.2009 09:05:52";"Fachklasse"
"08.04.2019 09:20:41";"ZulKuArt"
"08.04.2019 09:22:57";"Gliederung"
"08.04.2019 13:39:59";"ZulFächer"
"08.04.2020 13:30:46";"Abgangsart"
"08.04.2020 14:31:36";"ZulFächer"
"08.04.2020 15:08:13";"Herkunftsart"
"08.04.2020 15:08:15";"Fachklasse"
"08.05.2012 08:23:11";"Schulformen"
"08.05.2012 08:40:04";"Fachklasse"
"08.05.2014 08:28:25";"Herkunftsschulform"
"08.05.2014 16:13:20";"Organisationsform"
"08.05.2015 13:06:54";"Abgangsart"
"08.05.2020 13:31:42";"Abgangsart"
"08.05.2020 14:24:40";"Geschlecht"
"08.06.2009 14:44:04";"Gliederung"
"08.06.2009 14:44:07";"Gliederung"
"08.06.2009 14:44:09";"Gliederung"
"08.06.2009 14:44:33";"Gliederung"
"08.06.2010 12:58:46";"Schulformen"
"08.06.2011 06:16:04";"ZulFächer"
"08.06.2011 07:11:48";"ZulJahrgänge"
"08.06.2011 07:13:45";"Gliederung"
"08.06.2011 07:17:13";"ZulKuArt"
"08.06.2011 07:20:26";"Herkunftsschulform"
"08.06.2011 08:25:40";"Herkunftsart"
"08.06.2011 08:28:09";"Organisationsform"
"08.06.2011 09:13:50";"Förderschwerpunkt"
"08.06.2011 09:38:59";"ZulJahrgänge_Kurzbez"
"08.06.2015 11:07:42";"ZulFächer"
"08.06.2015 11:29:01";"Fachklasse"
"08.06.2016 17:23:32";"Abgangsart"
"08.06.2017 15:18:19";"Fachklasse"
"08.07.2009 14:24:52";"Schulformen"
"08.08.2016 12:32:31";"Fachklasse"
"08.09.2009 10:59:00";"LehrerLehramt"
"08.09.2014 08:59:16";"ZulFächer"
"08.09.2016 09:34:01";"Förderschwerpunkt"
"08.09.2020 08:40:31";"Fachklasse"
"08.11.2010 14:14:06";"Fachklasse"
"08.11.2012 15:53:02";"ZulJahrgänge"
"08.11.2017 11:05:45";"Abgangsart"
"08.12.2014 13:59:27";"Gliederung"
"08.12.2014 14:02:21";"Fachklasse"
"09.01.2015 06:54:49";"Fachklasse"
"09.01.2017 08:54:15";"ZulKuArt"
"09.01.2017 12:53:38";"ZulFächer"
"09.03.2016 12:40:49";"Förderschwerpunkt"
"09.03.2020 14:30:03";"Fachklasse"
"09.03.2021 14:47:21";"Fachklasse"
"09.04.2014 09:14:54";"ZulJahrgänge"
"09.04.2018 14:28:16";"LehrerLehrbefaehigung"
"09.04.2020 14:14:41";"ZulJahrgänge"
"09.04.2020 14:26:26";"ZulKuArt"
"09.05.2014 13:21:20";"ZulJahrgänge"
"09.05.2014 13:24:53";"Organisationsform"
"09.05.2019 11:05:08";"Abgangsart"
"09.05.2020 15:54:23";"Fachklasse"
"09.05.2022 14:15:00";"Schulformen"
"09.05.2022 15:00:31";"ZulFächer"
"09.06.2009 08:49:40";"Gliederung"
"09.06.2009 08:51:23";"Fachklasse"
"09.06.2009 08:55:14";"Gliederung"
"09.06.2009 08:55:40";"Gliederung"
"09.06.2009 08:57:14";"Fachklasse"
"09.06.2009 08:57:44";"Gliederung"
"09.06.2009 09:31:22";"Gliederung"
"09.06.2009 10:11:41";"Gliederung"
"09.06.2009 10:29:59";"Fachklasse"
"09.06.2009 10:30:13";"Fachklasse"
"09.06.2009 10:30:30";"Fachklasse"
"09.06.2010 08:49:55";"ZulKuArt"
"09.06.2010 15:06:31";"Fachklasse"
"09.06.2010 15:08:38";"Gliederung"
"09.06.2011 07:22:39";"Organisationsform"
"09.06.2015 09:26:23";"ZulJahrgänge_Kurzbez"
"09.06.2016 13:20:32";"Abgangsart"
"09.07.2012 08:01:41";"Bilingual"
"09.07.2012 13:38:51";"Gliederung"
"09.07.2012 14:08:56";"Herkunftsschulform"
"09.07.2012 14:21:14";"ZulFächer"
"09.07.2012 17:18:36";"ZulKuArt"
"09.07.2018 15:24:16";"Fachklasse"
"09.08.2012 07:25:16";"Fachklasse"
"09.08.2022 18:03:32";"ZulFächer"
"09.09.2014 08:24:31";"ZulFächer"
"09.09.2014 14:30:53";"AllgMerkmale"
"09.09.2022 17:04:32";"ZulFächer"
"09.10.2013 13:49:32";"Bilingual"
"09.10.2013 15:30:39";"ZulJahrgänge_Kurzbez"
"09.10.2019 09:59:59";"Herkunftsschulform"
"09.12.2015 10:32:00";"Fachklasse"
"09.12.2020 14:00:15";"Fachklasse"
"09.12.2021 14:28:07";"ZulFächer"
"10.01.2014 14:09:48";"Fachklasse"
"10.02.2014 11:49:59";"ZulKuArt"
"10.02.2014 12:43:47";"Gliederung"
"10.03.2015 06:47:22";"Herkunftsschulform"
"10.03.2015 06:49:02";"Herkunftsart"
"10.03.2015 09:02:21";"AndereGrundschulen"
"10.03.2021 11:25:52";"Fachklasse"
"10.04.2013 09:04:23";"Schulformen"
"10.04.2013 09:14:53";"ZulQualifikation"
"10.04.2014 09:28:11";"LehrerAnrechnung"
"10.04.2017 16:24:50";"LehrerAnrechnung"
"10.04.2018 13:35:49";"LehrerMinderleistung"
"10.04.2018 13:36:01";"LehrerMehrleistung"
"10.04.2019 11:22:27";"Gliederung"
"10.05.2012 07:51:55";"LehrerMinderleistung"
"10.05.2012 07:53:22";"LehrerAnrechnung"
"10.06.2009 15:55:06";"Abgangsart"
"10.06.2009 15:57:39";"Abgangsart"
"10.06.2009 15:59:36";"Abgangsart"
"10.06.2009 16:00:08";"Abgangsart"
"10.06.2009 16:00:52";"Abgangsart"
"10.06.2009 16:01:33";"Abgangsart"
"10.06.2009 16:01:37";"Abgangsart"
"10.06.2009 16:02:07";"Abgangsart"
"10.06.2009 16:02:12";"Abgangsart"
"10.06.2009 16:02:42";"Abgangsart"
"10.06.2009 16:04:07";"Abgangsart"
"10.06.2009 16:04:10";"Abgangsart"
"10.06.2009 16:04:12";"Abgangsart"
"10.06.2009 16:04:15";"Abgangsart"
"10.06.2009 16:04:19";"Abgangsart"
"10.06.2009 16:04:24";"Abgangsart"
"10.06.2009 16:04:32";"Abgangsart"
"10.06.2009 16:05:00";"Abgangsart"
"10.06.2009 16:05:46";"Abgangsart"
"10.06.2009 16:07:26";"Abgangsart"
"10.06.2009 16:08:36";"Abgangsart"
"10.06.2009 16:09:25";"Abgangsart"
"10.06.2009 16:09:55";"Abgangsart"
"10.06.2009 16:11:26";"Abgangsart"
"10.06.2009 16:12:22";"Abgangsart"
"10.06.2009 16:12:35";"Abgangsart"
"10.06.2009 16:12:46";"Abgangsart"
"10.06.2009 16:13:03";"Abgangsart"
"10.06.2009 16:13:19";"Abgangsart"
"10.06.2009 16:14:06";"Abgangsart"
"10.06.2009 16:14:42";"Abgangsart"
"10.06.2009 16:16:21";"Abgangsart"
"10.06.2009 16:16:38";"Abgangsart"
"10.06.2009 16:16:38";"Abgangsart"
"10.06.2009 16:16:56";"Abgangsart"
"10.06.2009 16:17:02";"Abgangsart"
"10.06.2009 16:20:11";"Abgangsart"
"10.06.2009 16:20:51";"Abgangsart"
"10.06.2009 16:21:22";"Abgangsart"
"10.06.2009 16:23:22";"Abgangsart"
"10.06.2009 16:24:05";"Abgangsart"
"10.06.2009 16:27:13";"Abgangsart"
"10.06.2010 08:14:36";"ZulKuArt"
"10.06.2010 09:02:04";"Fachklasse"
"10.06.2016 09:14:46";"Fachklasse"
"10.06.2016 14:20:01";"Abgangsart"
"10.07.2012 15:27:20";"Herkunftsschulform"
"10.07.2012 17:47:26";"ZulFächer"
"10.08.2016 11:29:04";"Fachklasse"
"10.08.2022 12:17:07";"ZulFächer"
"10.08.2022 12:56:52";"Abgangsart"
"10.09.2020 11:54:23";"Fachklasse"
"10.10.2016 16:57:04";"Fachklasse"
"10.10.2019 09:13:47";"Fachklasse"
"10.12.2008 11:55:45";"Organisationsform"
"10.12.2008 11:55:50";"Organisationsform"
"10.12.2008 11:55:57";"Organisationsform"
"10.12.2008 11:56:01";"Organisationsform"
"10.12.2008 11:56:10";"Organisationsform"
"10.12.2008 11:56:14";"Organisationsform"
"10.12.2008 11:56:18";"Organisationsform"
"10.12.2008 11:56:21";"Organisationsform"
"10.12.2008 11:56:24";"Organisationsform"
"10.12.2008 11:56:34";"Organisationsform"
"10.12.2008 11:56:58";"Organisationsform"
"10.12.2008 11:57:12";"Organisationsform"
"10.12.2008 11:57:16";"Organisationsform"
"10.12.2008 11:57:19";"Organisationsform"
"10.12.2008 11:57:22";"Organisationsform"
"10.12.2008 11:57:27";"Organisationsform"
"10.12.2008 11:57:39";"Organisationsform"
"10.12.2008 11:57:43";"Organisationsform"
"10.12.2008 11:57:45";"Organisationsform"
"10.12.2008 11:57:48";"Organisationsform"
"10.12.2008 11:57:51";"Organisationsform"
"10.12.2008 11:58:07";"Organisationsform"
"11.01.2010 12:01:14";"ZulKuArt"
"11.01.2011 11:45:52";"Fachklasse"
"11.01.2019 09:03:20";"Herkunftsart"
"11.02.2009 08:56:33";"Abgangsart"
"11.02.2009 09:21:03";"Abgangsart"
"11.02.2020 10:46:48";"Organisationsform"
"11.03.2015 13:25:37";"Herkunftsschulform"
"11.03.2015 13:30:34";"Herkunftsart"
"11.04.2013 08:26:36";"Herkunftsschulform"
"11.04.2017 15:49:19";"ZulFächer"
"11.04.2018 13:39:21";"LehrerAnrechnung"
"11.04.2022 09:09:08";"Abgangsart"
"11.05.2011 13:03:56";"Fachklasse"
"11.05.2012 14:07:33";"LehrerMinderleistung"
"11.05.2015 15:40:56";"ZulFächer"
"11.05.2020 11:44:10";"Fachklasse"
"11.05.2022 11:15:02";"ZulFächer"
"11.06.2013 14:07:17";"ZulFächer"
"11.06.2013 15:22:38";"Gliederung"
"11.06.2018 09:26:27";"ZulFächer"
"11.07.2012 08:13:11";"Herkunftsschulform"
"11.07.2012 13:15:13";"Abgangsart"
"11.07.2014 11:48:16";"Fachklasse"
"11.08.2014 10:45:17";"ZulKuArt"
"11.09.2009 08:14:42";"Einschulungsart"
"11.09.2012 14:52:59";"Fachklasse"
"11.09.2013 09:24:48";"ZulKuArt"
"11.09.2014 13:50:11";"Fachklasse"
"11.09.2017 11:59:58";"Gliederung"
"11.09.2018 13:14:41";"Fachklasse"
"11.09.2019 10:22:02";"Fachklasse"
"11.09.2020 13:37:05";"Fachklasse"
"11.10.2018 15:21:01";"Gliederung"
"11.10.2019 14:59:19";"LehrerMinderleistung"
"11.11.2009 11:48:50";"Organisationsform"
"12.01.2010 14:06:16";"Fachklasse"
"12.03.2009 11:44:33";"AndereGrundschulen"
"12.03.2009 11:45:52";"AndereGrundschulen"
"12.03.2009 11:46:31";"AndereGrundschulen"
"12.03.2009 11:46:49";"AndereGrundschulen"
"12.03.2009 11:47:13";"AndereGrundschulen"
"12.03.2009 11:48:04";"AndereGrundschulen"
"12.03.2013 10:14:21";"Fachklasse"
"12.03.2014 12:21:15";"ZulKuArt"
"12.03.2015 13:56:26";"ZulKuArt"
"12.03.2015 13:57:08";"ZulJahrgänge_Kurzbez"
"12.03.2018 10:43:27";"Fachklasse"
"12.04.2013 08:08:56";"LehrerAnrechnung"
"12.04.2021 16:32:16";"ZulFächer"
"12.04.2022 14:30:07";"Nationalitäten"
"12.05.2011 13:03:51";"Fachklasse"
"12.05.2014 13:20:27";"ZulKuArt"
"12.05.2015 15:42:11";"ZulFächer"
"12.05.2016 13:04:08";"Gliederung"
"12.05.2022 17:42:52";"ZulFächer"
"12.06.2012 12:19:01";"Herkunftsschulform"
"12.06.2013 15:38:58";"ZulJahrgänge_Kurzbez"
"12.06.2013 15:43:44";"Fachklasse"
"12.06.2014 07:47:45";"Fachklasse"
"12.06.2019 11:33:50";"Fachklasse"
"12.07.2010 13:52:57";"ZulJahrgänge_Kurzbez"
"12.07.2010 13:54:26";"ZulJahrgänge"
"12.07.2010 14:01:36";"Herkunftsschulform"
"12.07.2010 14:04:02";"Herkunftsart"
"12.07.2012 09:36:38";"Herkunftsart"
"12.07.2018 14:23:14";"Fachklasse"
"12.09.2011 14:16:51";"Fachklasse"
"12.09.2022 17:11:22";"ZulFächer"
"12.11.2012 10:22:02";"Fachklasse"
"12.12.2018 15:51:14";"Fachklasse"
"12.12.2019 14:59:43";"Fachklasse"
"13.01.2010 09:27:19";"ZulKuArt"
"13.01.2015 13:50:35";"Gliederung"
"13.01.2015 14:18:00";"Fachklasse"
"13.02.2013 07:57:50";"Fachklasse"
"13.02.2017 12:07:37";"ZulKuArt"
"13.02.2020 09:14:46";"Fachklasse"
"13.03.2017 11:55:40";"ZulKuArt"
"13.03.2018 09:41:25";"ZulFächer"
"13.04.2015 10:41:03";"Fachklasse"
"13.04.2015 13:18:31";"Herkunftsart"
"13.04.2017 08:36:18";"Abgangsart"
"13.04.2017 15:20:54";"ZulFächer"
"13.04.2018 14:07:42";"Herkunftsart"
"13.04.2021 12:32:08";"Abgangsart"
"13.04.2021 17:55:48";"ZulFächer"
"13.05.2013 11:33:45";"Förderschwerpunkt"
"13.05.2014 13:57:20";"ZulJahrgänge"
"13.05.2014 15:40:23";"Fachklasse"
"13.05.2022 16:32:11";"ZulFächer"
"13.06.2013 08:39:36";"ZulJahrgänge"
"13.06.2016 11:22:12";"Herkunftsschulform"
"13.06.2017 09:32:08";"ZulKuArt"
"13.06.2017 16:22:56";"Fachklasse"
"13.06.2019 14:34:31";"Fachklasse"
"13.07.2011 15:58:14";"Abgangsart"
"13.08.2012 09:21:57";"Schulformen"
"13.08.2020 08:22:03";"Fachklasse"
"13.08.2020 10:38:22";"ZulFächer"
"13.08.2020 12:03:25";"Abgangsart"
"13.09.2018 15:33:02";"Fachklasse"
"13.09.2022 15:37:21";"ZulFächer"
"13.11.2008 15:24:15";"Organisationsform"
"13.11.2008 15:24:30";"Organisationsform"
"13.11.2008 15:24:35";"Organisationsform"
"13.11.2008 15:25:31";"Organisationsform"
"13.11.2008 15:25:31";"Organisationsform"
"13.11.2008 15:25:31";"Organisationsform"
"13.11.2008 15:25:31";"Organisationsform"
"13.11.2008 15:25:31";"Organisationsform"
"13.11.2008 15:25:31";"Organisationsform"
"13.11.2008 15:25:31";"Organisationsform"
"13.11.2008 15:25:31";"Organisationsform"
"13.11.2008 15:25:53";"Organisationsform"
"13.11.2008 15:25:57";"Organisationsform"
"13.11.2008 15:26:01";"Organisationsform"
"13.11.2008 15:26:04";"Organisationsform"
"13.11.2008 15:26:08";"Organisationsform"
"13.11.2008 15:26:12";"Organisationsform"
"13.11.2008 15:26:16";"Organisationsform"
"13.11.2008 15:26:31";"Organisationsform"
"13.11.2014 09:48:50";"Fachklasse"
"13.12.2018 15:52:07";"LehrerLehrbefaehigung"
"14.01.2010 11:26:31";"ZulJahrgänge_Kurzbez"
"14.01.2010 12:17:15";"ZulFächer"
"14.01.2011 17:27:17";"Fachklasse"
"14.01.2013 08:35:54";"ZulFächer"
"14.01.2014 13:42:08";"ZulJahrgänge_Kurzbez"
"14.01.2015 11:52:40";"Fachklasse"
"14.01.2020 14:24:14";"LehrerAnrechnung"
"14.01.2020 15:39:15";"LehrerLehramt"
"14.02.2017 09:25:45";"ZulJahrgänge_Kurzbez"
"14.02.2017 12:40:23";"ZulFächer"
"14.02.2017 15:20:32";"Fachklasse"
"14.02.2019 15:09:07";"Gliederung"
"14.02.2019 15:44:49";"Fachklasse"
"14.04.2009 07:32:40";"ZulJahrgänge_Kurzbez"
"14.04.2009 07:33:22";"ZulJahrgänge_Kurzbez"
"14.04.2021 13:37:53";"ZulFächer"
"14.05.2013 08:28:50";"Fachklasse"
"14.05.2014 08:52:36";"Abgangsart"
"14.05.2018 13:21:36";"ZulKuArt"
"14.05.2018 14:14:38";"Herkunftsschulform"
"14.05.2018 14:15:20";"Herkunftsart"
"14.05.2018 14:18:30";"ZulFächer"
"14.05.2018 14:19:59";"LehrerLehrbefaehigung"
"14.05.2020 11:50:38";"Fachklasse"
"14.06.2019 09:01:17";"Fachklasse"
"14.06.2022 14:02:23";"ZulFächer"
"14.07.2011 09:07:07";"ZulFächer"
"14.07.2011 12:01:42";"ZulKuArt"
"14.09.2015 14:52:31";"Fachklasse"
"14.09.2022 13:41:42";"ZulFächer"
"14.10.2019 14:30:29";"LehrerFachrAnerkennung"
"14.10.2019 14:56:04";"LehrerAnrechnung"
"14.10.2021 14:34:22";"Fachklasse"
"14.12.2018 11:34:47";"Herkunftsschulform"
"14.12.2018 16:21:32";"Fachklasse"
"15.01.2009 10:41:33";"ZulKuArt"
"15.01.2009 10:41:49";"ZulKuArt"
"15.01.2009 10:41:57";"ZulKuArt"
"15.01.2009 10:42:05";"ZulKuArt"
"15.01.2009 10:44:45";"ZulKuArt"
"15.01.2014 14:42:33";"Gliederung"
"15.01.2015 14:24:33";"Fachklasse"
"15.01.2019 11:16:44";"LehrerLehrbefaehigung"
"15.03.2016 15:53:10";"Fachklasse"
"15.04.2015 11:14:48";"Fachklasse"
"15.04.2021 12:57:46";"Nationalitäten"
"15.04.2021 13:44:30";"ZulFächer"
"15.04.2021 13:49:49";"ZulKuArt"
"15.04.2021 13:51:56";"Gliederung"
"15.04.2021 14:03:44";"ZulJahrgänge"
"15.04.2021 14:08:41";"Organisationsform"
"15.04.2021 14:10:47";"Herkunftsschulform"
"15.04.2021 14:21:01";"Herkunftsart"
"15.05.2013 12:53:38";"ZulJahrgänge_Kurzbez"
"15.05.2013 13:24:51";"ZulJahrgänge"
"15.05.2013 15:39:46";"ZulKuArt"
"15.05.2013 15:58:35";"Organisationsform"
"15.05.2013 16:03:00";"Förderschwerpunkt"
"15.05.2013 16:54:29";"Gliederung"
"15.06.2009 08:12:02";"Abgangsart"
"15.06.2009 16:18:36";"Herkunftsart"
"15.06.2009 16:24:07";"Herkunftsart"
"15.06.2009 16:24:30";"Herkunftsart"
"15.06.2009 16:24:33";"Herkunftsart"
"15.06.2009 16:24:39";"Herkunftsart"
"15.06.2009 16:24:56";"Herkunftsart"
"15.06.2009 16:25:16";"Herkunftsart"
"15.06.2009 16:25:34";"Herkunftsart"
"15.06.2009 16:26:31";"Herkunftsart"
"15.06.2009 16:26:40";"Herkunftsart"
"15.06.2009 16:26:45";"Herkunftsart"
"15.06.2009 16:26:49";"Herkunftsart"
"15.06.2009 16:29:11";"Herkunftsart"
"15.06.2009 16:29:23";"Herkunftsart"
"15.06.2009 16:29:27";"Herkunftsart"
"15.06.2009 16:29:51";"Herkunftsart"
"15.06.2009 16:30:14";"Herkunftsart"
"15.06.2009 16:30:23";"Herkunftsart"
"15.06.2009 16:30:29";"Herkunftsart"
"15.06.2009 16:31:14";"Herkunftsart"
"15.06.2009 16:31:18";"Herkunftsart"
"15.06.2009 16:31:22";"Herkunftsart"
"15.06.2009 16:31:26";"Herkunftsart"
"15.06.2009 16:31:29";"Herkunftsart"
"15.06.2009 16:37:09";"Herkunftsart"
"15.06.2009 16:37:15";"Herkunftsart"
"15.06.2010 11:52:28";"ZulJahrgänge"
"15.06.2011 12:42:20";"Schulformen"
"15.06.2012 06:25:26";"ZulKuArt"
"15.07.2009 10:43:30";"ZulFächer"
"15.07.2009 10:43:37";"ZulFächer"
"15.07.2009 10:43:42";"ZulFächer"
"15.07.2009 10:43:46";"ZulFächer"
"15.07.2009 10:43:53";"ZulFächer"
"15.07.2009 10:44:03";"ZulFächer"
"15.07.2009 10:44:14";"ZulFächer"
"15.07.2009 10:44:25";"ZulFächer"
"15.07.2009 10:44:36";"ZulFächer"
"15.07.2009 10:44:52";"ZulFächer"
"15.07.2009 10:48:30";"ZulFächer"
"15.07.2021 15:11:57";"Fachklasse"
"15.09.2014 14:11:43";"Abgangsart"
"15.09.2022 14:39:53";"ZulFächer"
"15.12.2009 14:50:34";"Religionen"
"16.01.2012 11:26:50";"Fachklasse"
"16.01.2013 12:08:50";"Fachklasse"
"16.01.2014 09:46:35";"ZulKuArt"
"16.01.2015 13:34:36";"Fachklasse"
"16.01.2019 09:26:01";"LehrerLehrbefaehigung"
"16.01.2020 15:35:09";"Abgangsart"
"16.02.2009 14:56:25";"ZulFächer"
"16.02.2017 15:31:51";"Herkunftsschulform"
"16.03.2015 09:36:38";"ZulFächer"
"16.03.2016 08:34:32";"ZulKuArt"
"16.03.2016 11:01:36";"ZulJahrgänge"
"16.03.2016 14:35:18";"ZulJahrgänge_Kurzbez"
"16.03.2016 15:11:43";"Fachklasse"
"16.03.2017 11:46:39";"Fachklasse"
"16.04.2013 10:35:22";"Abgangsart"
"16.04.2013 15:37:42";"Fachklasse"
"16.04.2015 14:29:00";"ZulKuArt"
"16.04.2018 14:13:35";"Herkunftsart"
"16.04.2018 14:44:25";"ZulJahrgänge_Kurzbez"
"16.04.2021 13:07:19";"ZulKuArt"
"16.04.2021 13:34:19";"Herkunftsart"
"16.04.2021 15:28:05";"Gliederung"
"16.05.2013 08:12:29";"ZulJahrgänge"
"16.05.2013 13:23:24";"Herkunftsschulform"
"16.05.2013 13:37:12";"Herkunftsart"
"16.05.2022 15:33:48";"ZulFächer"
"16.06.2009 09:20:46";"Herkunftsart"
"16.06.2009 09:20:55";"Herkunftsart"
"16.06.2009 09:21:00";"Herkunftsart"
"16.06.2009 09:21:24";"Herkunftsart"
"16.06.2009 09:23:38";"Herkunftsart"
"16.06.2009 09:23:46";"Herkunftsart"
"16.06.2009 09:23:54";"Herkunftsart"
"16.06.2009 09:24:17";"Herkunftsart"
"16.06.2009 09:25:02";"Herkunftsart"
"16.06.2009 09:25:14";"Herkunftsart"
"16.06.2009 09:25:23";"Herkunftsart"
"16.06.2009 09:25:39";"Herkunftsart"
"16.06.2009 09:26:04";"Herkunftsart"
"16.06.2009 09:27:18";"Herkunftsart"
"16.06.2009 09:27:24";"Herkunftsart"
"16.06.2009 09:28:49";"Herkunftsart"
"16.06.2009 09:30:04";"Herkunftsart"
"16.06.2009 09:31:39";"Herkunftsart"
"16.06.2009 09:31:45";"Herkunftsart"
"16.06.2009 09:31:50";"Herkunftsart"
"16.06.2009 09:32:44";"Herkunftsart"
"16.06.2009 09:33:42";"Herkunftsart"
"16.06.2009 09:33:46";"Herkunftsart"
"16.06.2009 09:33:49";"Herkunftsart"
"16.06.2009 09:37:04";"Herkunftsart"
"16.06.2009 09:41:41";"Herkunftsart"
"16.06.2009 09:41:55";"Herkunftsart"
"16.06.2009 09:41:59";"Herkunftsart"
"16.06.2009 09:42:32";"Herkunftsart"
"16.06.2009 09:42:47";"Herkunftsart"
"16.06.2009 09:42:59";"Herkunftsart"
"16.06.2009 09:43:08";"Herkunftsart"
"16.06.2009 09:43:42";"Herkunftsart"
"16.06.2009 09:43:44";"Herkunftsart"
"16.06.2009 09:43:46";"Herkunftsart"
"16.06.2009 09:43:48";"Herkunftsart"
"16.06.2009 09:44:12";"Herkunftsart"
"16.06.2009 09:45:22";"Herkunftsart"
"16.06.2009 09:45:29";"Herkunftsart"
"16.06.2009 09:45:37";"Herkunftsart"
"16.06.2009 09:45:42";"Herkunftsart"
"16.06.2009 09:45:53";"Herkunftsart"
"16.06.2009 09:45:56";"Herkunftsart"
"16.06.2009 09:46:44";"Herkunftsart"
"16.06.2009 09:47:22";"Herkunftsart"
"16.06.2009 09:47:50";"Herkunftsart"
"16.06.2009 09:47:57";"Herkunftsart"
"16.06.2009 09:48:26";"Herkunftsart"
"16.06.2009 09:49:14";"Herkunftsart"
"16.06.2009 09:49:16";"Herkunftsart"
"16.06.2009 09:49:18";"Herkunftsart"
"16.06.2009 09:49:28";"Herkunftsart"
"16.06.2009 09:51:07";"Herkunftsart"
"16.06.2009 09:51:36";"Herkunftsart"
"16.06.2009 09:52:10";"Herkunftsart"
"16.06.2009 09:52:19";"Herkunftsart"
"16.06.2009 09:52:31";"Herkunftsart"
"16.06.2009 09:52:41";"Herkunftsart"
"16.06.2009 09:53:47";"Herkunftsart"
"16.06.2009 09:54:01";"Herkunftsart"
"16.06.2009 09:54:24";"Herkunftsart"
"16.06.2009 09:54:58";"Herkunftsart"
"16.06.2009 09:55:28";"Herkunftsart"
"16.06.2009 09:55:46";"Herkunftsart"
"16.06.2009 09:56:23";"Herkunftsart"
"16.06.2009 09:56:40";"Herkunftsart"
"16.06.2009 09:57:28";"Herkunftsart"
"16.06.2009 09:58:10";"Herkunftsart"
"16.06.2009 09:58:19";"Herkunftsart"
"16.06.2009 09:58:30";"Herkunftsart"
"16.06.2009 09:58:40";"Herkunftsart"
"16.06.2009 09:59:14";"Herkunftsart"
"16.06.2009 10:00:00";"Herkunftsart"
"16.06.2009 10:00:52";"Herkunftsart"
"16.06.2009 10:00:58";"Herkunftsart"
"16.06.2009 10:01:28";"Herkunftsart"
"16.06.2009 10:01:38";"Herkunftsart"
"16.06.2009 10:01:50";"Herkunftsart"
"16.06.2009 10:01:57";"Herkunftsart"
"16.06.2009 10:03:08";"Herkunftsart"
"16.06.2011 14:44:53";"ZulJahrgänge_Kurzbez"
"16.06.2021 10:19:35";"Herkunftsschulform"
"16.07.2010 08:31:51";"Fachklasse"
"16.07.2012 08:58:04";"Herkunftsschulform"
"16.07.2012 14:07:25";"LehrerAbgang"
"16.08.2012 08:31:25";"LehrerAnrechnung"
"16.08.2021 14:21:25";"LehrerFachrAnerkennung"
"16.08.2021 14:21:28";"LehrerLehrbefAnerkennung"
"16.09.2020 10:25:22";"Fachklasse"
"16.10.2019 11:30:26";"LehrerLehrbefaehigung"
"16.11.2012 13:28:29";"ZulFächer"
"16.11.2017 10:02:19";"Herkunftsart"
"16.12.2014 09:33:29";"Herkunftsart"
"16.12.2014 15:46:24";"Fachklasse"
"17.01.2011 08:33:20";"Fachklasse"
"17.01.2012 12:52:25";"Fachklasse"
"17.02.2009 13:03:27";"ZulKuArt"
"17.02.2009 13:03:40";"ZulKuArt"
"17.02.2009 13:03:55";"ZulKuArt"
"17.02.2009 13:04:08";"ZulKuArt"
"17.02.2009 13:04:12";"ZulKuArt"
"17.02.2009 13:04:36";"ZulKuArt"
"17.02.2009 13:04:55";"ZulKuArt"
"17.02.2009 13:04:55";"ZulKuArt"
"17.02.2009 13:04:55";"ZulKuArt"
"17.02.2009 13:04:55";"ZulKuArt"
"17.02.2009 13:04:55";"ZulKuArt"
"17.02.2009 13:05:12";"ZulKuArt"
"17.02.2009 13:05:15";"ZulKuArt"
"17.02.2009 13:05:18";"ZulKuArt"
"17.02.2009 13:05:22";"ZulKuArt"
"17.02.2009 13:05:32";"ZulKuArt"
"17.02.2009 13:05:37";"ZulKuArt"
"17.02.2009 13:05:39";"ZulKuArt"
"17.02.2009 13:05:42";"ZulKuArt"
"17.02.2009 13:05:44";"ZulKuArt"
"17.02.2009 13:05:49";"ZulKuArt"
"17.02.2009 13:06:12";"ZulKuArt"
"17.02.2009 13:06:15";"ZulKuArt"
"17.02.2009 13:06:18";"ZulKuArt"
"17.02.2009 13:06:21";"ZulKuArt"
"17.02.2009 13:06:26";"ZulKuArt"
"17.02.2009 13:06:32";"ZulKuArt"
"17.02.2009 13:06:35";"ZulKuArt"
"17.02.2009 13:06:37";"ZulKuArt"
"17.02.2009 13:06:41";"ZulKuArt"
"17.02.2009 13:07:06";"ZulKuArt"
"17.02.2009 13:07:21";"ZulKuArt"
"17.02.2009 13:07:53";"ZulKuArt"
"17.02.2009 13:08:09";"ZulKuArt"
"17.02.2009 13:08:34";"ZulKuArt"
"17.02.2009 13:14:48";"Organisationsform"
"17.02.2009 13:15:44";"Organisationsform"
"17.02.2009 13:15:53";"Organisationsform"
"17.02.2009 13:15:56";"Organisationsform"
"17.02.2009 13:16:04";"Organisationsform"
"17.02.2009 13:16:07";"Organisationsform"
"17.02.2009 13:16:10";"Organisationsform"
"17.02.2009 13:16:13";"Organisationsform"
"17.02.2009 13:16:16";"Organisationsform"
"17.02.2009 13:16:30";"Organisationsform"
"17.02.2009 13:16:35";"Organisationsform"
"17.02.2009 13:16:42";"Organisationsform"
"17.02.2009 13:16:45";"Organisationsform"
"17.02.2009 13:16:49";"Organisationsform"
"17.02.2009 13:16:52";"Organisationsform"
"17.02.2009 13:16:54";"Organisationsform"
"17.02.2009 13:16:57";"Organisationsform"
"17.02.2009 13:16:59";"Organisationsform"
"17.02.2009 13:17:08";"Organisationsform"
"17.02.2009 13:17:11";"Organisationsform"
"17.02.2009 13:17:35";"Organisationsform"
"17.02.2021 13:23:22";"Schulformen"
"17.03.2016 14:26:37";"Abgangsart"
"17.03.2016 15:46:24";"LehrerAnrechnung"
"17.03.2020 10:10:25";"Gliederung"
"17.03.2020 16:36:11";"Abgangsart"
"17.04.2012 10:36:43";"ZulFächer"
"17.04.2012 13:59:43";"Abgangsart"
"17.04.2013 08:36:32";"Fachklasse"
"17.04.2018 14:03:21";"Fachklasse"
"17.05.2011 15:33:02";"Fachklasse"
"17.05.2017 15:05:13";"Fachklasse"
"17.05.2018 09:36:08";"ZulJahrgänge"
"17.05.2018 09:36:59";"ZulJahrgänge_Kurzbez"
"17.05.2022 15:28:20";"Gliederung"
"17.05.2022 15:57:31";"LehrerLehrbefaehigung"
"17.06.2009 07:41:47";"Fachklasse"
"17.06.2010 07:52:24";"ZulFächer"
"17.06.2011 10:03:53";"ZulJahrgänge_Kurzbez"
"17.06.2011 11:35:07";"ZulFächer"
"17.06.2011 11:46:59";"Bilingual"
"17.06.2011 12:06:20";"Fachklasse"
"17.07.2019 10:47:04";"LehrerLehramt"
"17.07.2019 10:57:47";"LehrerLehrbefaehigung"
"17.07.2019 11:01:36";"LehrerAnrechnung"
"17.08.2021 14:24:51";"LehrerLehramt"
"17.08.2021 14:52:16";"SVWS_ZulaessigeJahrgaenge"
"17.09.2020 13:53:23";"Fachklasse"
"17.11.2016 11:09:33";"ZulJahrgänge_Kurzbez"
"17.12.2018 10:36:19";"LehrerLehrbefaehigung"
"18.01.2010 10:40:02";"ZulKuArt"
"18.01.2013 10:51:03";"Gliederung"
"18.02.2014 13:14:26";"ZulKuArt"
"18.02.2015 09:30:56";"Fachklasse"
"18.03.2010 08:43:35";"ZulFächer"
"18.03.2010 09:47:33";"Herkunftsart"
"18.03.2010 10:28:45";"Fachklasse"
"18.03.2010 10:34:42";"Organisationsform"
"18.03.2019 16:13:54";"LehrerLehrbefaehigung"
"18.03.2021 15:07:59";"Fachklasse"
"18.04.2012 15:33:04";"Abgangsart"
"18.04.2012 17:19:32";"ZulFächer"
"18.04.2016 09:58:41";"Förderschwerpunkt"
"18.04.2016 10:16:38";"ZulKuArt"
"18.04.2016 10:54:27";"ZulFächer"
"18.04.2016 11:34:04";"ZulJahrgänge"
"18.04.2016 11:34:20";"ZulJahrgänge_Kurzbez"
"18.05.2009 08:02:04";"ZulKuArt"
"18.05.2009 08:02:15";"ZulKuArt"
"18.05.2009 08:02:27";"ZulKuArt"
"18.05.2009 08:02:46";"ZulKuArt"
"18.05.2011 09:26:23";"Fachklasse"
"18.05.2012 06:46:04";"Förderschwerpunkt"
"18.05.2017 14:09:56";"ZulKuArt"
"18.05.2020 15:29:17";"Fachklasse"
"18.05.2022 07:56:14";"ZulFächer"
"18.06.2012 11:16:27";"Gliederung"
"18.06.2012 11:25:12";"ZulJahrgänge"
"18.06.2012 11:27:18";"ZulJahrgänge_Kurzbez"
"18.06.2013 16:28:21";"Herkunftsart"
"18.06.2014 14:07:20";"ZulFächer"
"18.06.2014 15:46:41";"ZulKuArt"
"18.06.2015 14:28:20";"Organisationsform"
"18.06.2015 14:45:19";"Gliederung"
"18.06.2015 15:45:13";"Fachklasse"
"18.08.2015 16:49:54";"LehrerMinderleistung"
"18.08.2016 13:38:24";"Fachklasse"
"18.08.2017 15:31:29";"Fachklasse"
"18.09.2015 08:47:41";"Fachklasse"
"18.09.2020 10:18:14";"Fachklasse"
"18.10.2013 10:34:45";"Fachklasse"
"18.11.2015 09:09:56";"Herkunftsart"
"19.01.2015 14:44:41";"Fachklasse"
"19.02.2013 13:33:10";"Fachklasse"
"19.02.2013 14:54:06";"LehrerLehrbefAnerkennung"
"19.02.2013 14:54:48";"LehrerFachrAnerkennung"
"19.02.2019 14:27:59";"LehrerLehramt"
"19.03.2010 07:48:18";"Herkunftsart"
"19.03.2012 14:16:49";"Fachklasse"
"19.03.2013 12:28:23";"Fachklasse"
"19.03.2014 08:18:21";"Abgangsart"
"19.03.2019 10:08:20";"ZulKuArt"
"19.03.2019 10:32:22";"LehrerMinderleistung"
"19.03.2019 10:51:16";"LehrerAnrechnung"
"19.04.2010 09:17:03";"Fachklasse"
"19.04.2012 06:51:21";"Herkunftsschulform"
"19.04.2013 12:32:34";"Nationalitäten"
"19.04.2017 14:03:37";"ZulJahrgänge_Kurzbez"
"19.04.2018 08:13:11";"Abgangsart"
"19.04.2018 08:52:45";"Gliederung"
"19.04.2018 08:56:44";"Förderschwerpunkt"
"19.05.2009 10:09:56";"Fachklasse"
"19.05.2009 10:12:22";"Fachklasse"
"19.05.2009 10:16:35";"Fachklasse"
"19.05.2009 10:17:22";"Fachklasse"
"19.05.2009 10:17:27";"Fachklasse"
"19.05.2009 10:18:33";"Fachklasse"
"19.05.2009 10:18:59";"Fachklasse"
"19.05.2009 10:22:06";"Fachklasse"
"19.05.2009 10:25:00";"Fachklasse"
"19.05.2009 10:25:30";"Fachklasse"
"19.05.2009 10:27:38";"Fachklasse"
"19.05.2009 10:27:52";"Fachklasse"
"19.05.2009 10:28:23";"Fachklasse"
"19.05.2009 10:28:36";"Fachklasse"
"19.05.2009 10:29:06";"Fachklasse"
"19.05.2009 10:29:36";"Fachklasse"
"19.05.2009 10:29:52";"Fachklasse"
"19.05.2009 10:29:56";"Fachklasse"
"19.05.2010 11:18:23";"Abgangsart"
"19.05.2011 06:31:14";"ZulFächer"
"19.05.2011 10:56:56";"Fachklasse"
"19.05.2015 16:15:53";"ZulFächer"
"19.05.2016 11:08:41";"Abgangsart"
"19.05.2020 07:08:14";"Fachklasse"
"19.05.2020 14:27:25";"Gliederung"
"19.06.2012 17:11:08";"ZulJahrgänge"
"19.06.2012 18:04:07";"ZulJahrgänge_Kurzbez"
"19.06.2013 13:56:53";"ZulFächer"
"19.06.2015 07:17:48";"Fachklasse"
"19.06.2020 15:18:07";"Fachklasse"
"19.07.2011 14:33:31";"AndereGrundschulen"
"19.07.2011 15:21:57";"ZulJahrgänge_Kurzbez"
"19.07.2013 07:12:40";"ZulKuArt"
"19.07.2016 13:25:15";"Fachklasse"
"19.08.2016 14:43:11";"Herkunftsschulform"
"19.08.2022 08:46:05";"ZulFächer"
"19.09.2013 13:12:10";"ZulFächer"
"19.09.2022 14:52:57";"ZulFächer"
"19.10.2016 17:02:54";"Fachklasse"
"20.01.2009 15:14:08";"Fachklasse"
"20.01.2009 15:14:12";"Fachklasse"
"20.01.2009 15:14:16";"Fachklasse"
"20.01.2009 15:14:26";"Fachklasse"
"20.01.2009 15:14:32";"Fachklasse"
"20.01.2009 15:15:00";"Fachklasse"
"20.01.2009 15:15:57";"Fachklasse"
"20.01.2009 15:16:00";"Fachklasse"
"20.01.2009 15:18:37";"Fachklasse"
"20.01.2009 15:19:58";"Fachklasse"
"20.01.2009 15:20:32";"Fachklasse"
"20.01.2009 15:20:54";"Fachklasse"
"20.01.2009 15:21:54";"Fachklasse"
"20.01.2009 15:21:56";"Fachklasse"
"20.01.2009 15:21:59";"Fachklasse"
"20.01.2009 15:22:07";"Fachklasse"
"20.01.2009 15:22:59";"Fachklasse"
"20.01.2009 15:23:59";"Fachklasse"
"20.01.2009 15:25:00";"Fachklasse"
"20.01.2009 15:25:02";"Fachklasse"
"20.01.2009 15:25:04";"Fachklasse"
"20.01.2009 15:25:06";"Fachklasse"
"20.01.2009 15:25:35";"Fachklasse"
"20.01.2009 15:25:38";"Fachklasse"
"20.01.2009 15:25:40";"Fachklasse"
"20.01.2009 15:25:45";"Fachklasse"
"20.01.2009 15:25:49";"Fachklasse"
"20.01.2009 15:26:42";"Fachklasse"
"20.01.2009 15:27:02";"Fachklasse"
"20.01.2009 15:28:10";"Fachklasse"
"20.01.2009 15:28:59";"Fachklasse"
"20.01.2009 15:29:38";"Fachklasse"
"20.01.2009 15:29:40";"Fachklasse"
"20.01.2009 15:29:41";"Fachklasse"
"20.01.2009 15:29:43";"Fachklasse"
"20.01.2009 15:29:49";"Fachklasse"
"20.01.2009 15:29:54";"Fachklasse"
"20.01.2009 15:29:57";"Fachklasse"
"20.01.2009 15:30:01";"Fachklasse"
"20.01.2009 15:30:41";"Fachklasse"
"20.01.2009 15:30:57";"Fachklasse"
"20.01.2009 15:33:50";"Fachklasse"
"20.01.2009 15:34:29";"Fachklasse"
"20.01.2009 15:34:30";"Fachklasse"
"20.01.2009 15:34:33";"Fachklasse"
"20.01.2009 15:34:35";"Fachklasse"
"20.01.2009 15:34:38";"Fachklasse"
"20.01.2009 15:34:43";"Fachklasse"
"20.01.2009 15:34:47";"Fachklasse"
"20.01.2009 15:34:51";"Fachklasse"
"20.01.2009 15:35:19";"Fachklasse"
"20.01.2009 15:35:21";"Fachklasse"
"20.01.2009 15:35:25";"Fachklasse"
"20.01.2009 15:35:30";"Fachklasse"
"20.01.2009 15:36:09";"Fachklasse"
"20.01.2009 15:36:25";"Fachklasse"
"20.01.2009 15:36:49";"Fachklasse"
"20.01.2009 15:37:17";"Fachklasse"
"20.01.2009 15:37:21";"Fachklasse"
"20.01.2009 15:37:25";"Fachklasse"
"20.01.2009 15:37:30";"Fachklasse"
"20.01.2009 15:37:40";"Fachklasse"
"20.01.2009 15:38:29";"Fachklasse"
"20.01.2009 15:42:03";"Fachklasse"
"20.01.2009 15:42:48";"Fachklasse"
"20.01.2009 15:43:39";"Fachklasse"
"20.01.2009 15:44:12";"Fachklasse"
"20.01.2009 15:45:40";"Fachklasse"
"20.01.2009 15:46:16";"Fachklasse"
"20.01.2009 15:46:47";"Fachklasse"
"20.01.2009 15:47:10";"Fachklasse"
"20.01.2009 15:48:02";"Fachklasse"
"20.01.2009 15:48:39";"Fachklasse"
"20.01.2009 15:48:52";"Fachklasse"
"20.01.2009 15:49:27";"Fachklasse"
"20.01.2009 15:50:04";"Fachklasse"
"20.01.2009 15:50:27";"Fachklasse"
"20.01.2009 15:50:45";"Fachklasse"
"20.01.2009 15:51:03";"Fachklasse"
"20.01.2009 15:51:12";"Fachklasse"
"20.01.2009 15:51:15";"Fachklasse"
"20.01.2009 15:51:18";"Fachklasse"
"20.01.2009 15:51:22";"Fachklasse"
"20.01.2009 15:51:31";"Fachklasse"
"20.01.2009 15:51:48";"Fachklasse"
"20.01.2009 15:52:31";"Fachklasse"
"20.01.2009 15:52:33";"Fachklasse"
"20.01.2009 15:52:36";"Fachklasse"
"20.01.2009 15:52:41";"Fachklasse"
"20.01.2009 15:55:29";"Fachklasse"
"20.01.2009 15:55:59";"Fachklasse"
"20.01.2009 15:56:01";"Fachklasse"
"20.01.2009 15:56:36";"Fachklasse"
"20.01.2009 15:57:50";"Fachklasse"
"20.01.2009 15:58:36";"Fachklasse"
"20.01.2009 15:59:07";"Fachklasse"
"20.01.2009 15:59:12";"Fachklasse"
"20.01.2009 15:59:17";"Fachklasse"
"20.01.2009 15:59:47";"Fachklasse"
"20.01.2009 16:00:00";"Fachklasse"
"20.01.2009 16:00:07";"Fachklasse"
"20.01.2009 16:00:41";"Fachklasse"
"20.01.2009 16:00:56";"Fachklasse"
"20.01.2009 16:02:02";"Fachklasse"
"20.01.2009 16:02:34";"Fachklasse"
"20.01.2009 16:04:13";"Fachklasse"
"20.01.2009 16:04:16";"Fachklasse"
"20.01.2009 16:04:40";"Fachklasse"
"20.01.2009 16:05:20";"Fachklasse"
"20.01.2009 16:05:33";"Fachklasse"
"20.01.2009 16:05:50";"Fachklasse"
"20.01.2009 16:06:11";"Fachklasse"
"20.01.2009 16:07:26";"Fachklasse"
"20.01.2009 16:07:56";"Fachklasse"
"20.01.2009 16:08:05";"Fachklasse"
"20.01.2015 15:22:41";"Fachklasse"
"20.01.2017 12:28:46";"Religionen"
"20.02.2009 09:04:34";"ZulFächer"
"20.02.2013 09:54:53";"Fachklasse"
"20.02.2013 13:04:03";"AndereGrundschulen"
"20.03.2012 15:24:22";"Fachklasse"
"20.03.2013 11:27:35";"Fachklasse"
"20.03.2015 07:29:07";"LehrerAnrechnung"
"20.03.2015 13:02:17";"ZulJahrgänge"
"20.03.2020 15:58:21";"Herkunftsschulform"
"20.03.2020 16:33:09";"ZulKuArt"
"20.04.2015 13:28:38";"Herkunftsart"
"20.04.2015 13:32:55";"Herkunftsschulform"
"20.04.2016 09:21:23";"ZulJahrgänge"
"20.05.2011 15:37:20";"ZulFächer"
"20.05.2016 14:23:47";"ZulFächer"
"20.05.2020 11:17:45";"Fachklasse"
"20.06.2011 08:54:18";"Abgangsart"
"20.06.2011 13:13:57";"Fachklasse"
"20.06.2012 06:11:00";"ZulJahrgänge"
"20.06.2016 14:09:54";"ZulKuArt"
"20.07.2009 07:48:03";"ZulFächer"
"20.07.2011 07:39:28";"ZulJahrgänge"
"20.07.2017 11:31:12";"ZulKuArt"
"20.08.2008 06:52:17";"Nationalitäten"
"20.09.2022 16:18:55";"ZulFächer"
"20.10.2015 15:01:31";"Fachklasse"
"20.10.2017 10:49:55";"Fachklasse"
"20.10.2022 13:33:58";"Fachklasse"
"20.11.2012 09:02:50";"Fachklasse"
"21.01.2009 09:08:50";"Fachklasse"
"21.01.2009 09:08:54";"Fachklasse"
"21.01.2009 09:15:22";"Fachklasse"
"21.01.2009 09:15:54";"Fachklasse"
"21.01.2009 09:16:08";"Fachklasse"
"21.01.2009 09:16:56";"Fachklasse"
"21.01.2009 09:18:50";"Fachklasse"
"21.01.2009 09:20:14";"Fachklasse"
"21.01.2009 09:21:25";"Fachklasse"
"21.01.2009 09:22:06";"Fachklasse"
"21.01.2009 09:24:46";"Fachklasse"
"21.01.2009 09:24:49";"Fachklasse"
"21.01.2009 09:24:54";"Fachklasse"
"21.01.2009 09:24:58";"Fachklasse"
"21.01.2009 09:25:43";"Fachklasse"
"21.01.2009 09:25:52";"Fachklasse"
"21.01.2009 09:26:51";"Fachklasse"
"21.01.2009 09:26:56";"Fachklasse"
"21.01.2009 09:27:05";"Fachklasse"
"21.01.2009 09:28:41";"Fachklasse"
"21.01.2009 09:29:44";"Fachklasse"
"21.01.2009 09:33:33";"Fachklasse"
"21.01.2009 09:33:35";"Fachklasse"
"21.01.2009 09:33:37";"Fachklasse"
"21.01.2009 09:33:38";"Fachklasse"
"21.01.2009 09:33:42";"Fachklasse"
"21.01.2009 09:33:44";"Fachklasse"
"21.01.2009 09:33:47";"Fachklasse"
"21.01.2009 09:33:48";"Fachklasse"
"21.01.2009 09:33:50";"Fachklasse"
"21.01.2009 09:33:52";"Fachklasse"
"21.01.2009 09:34:29";"Fachklasse"
"21.01.2013 13:54:36";"Fachklasse"
"21.01.2015 14:08:25";"Fachklasse"
"21.02.2014 08:51:51";"Nationalitäten"
"21.03.2012 14:47:32";"Fachklasse"
"21.03.2013 11:30:49";"ZulJahrgänge_Kurzbez"
"21.03.2016 16:43:44";"Herkunftsschulform"
"21.03.2018 16:08:05";"LehrerLehrbefaehigung"
"21.04.2015 12:26:10";"LehrerAnrechnung"
"21.04.2015 14:23:33";"ZulJahrgänge_Kurzbez"
"21.04.2015 14:37:47";"ZulFächer"
"21.04.2022 09:37:45";"Förderschwerpunkt"
"21.04.2022 11:34:56";"Herkunftsart"
"21.04.2022 15:45:35";"ZulFächer"
"21.04.2022 15:56:07";"ZulKuArt"
"21.04.2022 17:29:04";"ZulJahrgänge_Kurzbez"
"21.04.2022 17:33:49";"Gliederung"
"21.04.2022 17:39:06";"ZulJahrgänge"
"21.04.2022 17:41:02";"SVWS_ZulaessigeJahrgaenge"
"21.04.2022 17:58:54";"Herkunftsschulform"
"21.05.2010 08:41:23";"Abgangsart"
"21.05.2010 11:19:42";"Gliederung"
"21.05.2010 12:47:31";"ZulJahrgänge"
"21.05.2019 14:28:29";"Fachklasse"
"21.05.2021 11:22:09";"Gliederung"
"21.05.2021 15:05:56";"Fachklasse"
"21.05.2021 15:18:25";"Herkunftsschulform"
"21.06.2011 10:44:46";"Abgangsart"
"21.06.2011 11:13:22";"ZulJahrgänge"
"21.06.2012 10:48:12";"ZulJahrgänge_Kurzbez"
"21.06.2016 15:50:31";"Abgangsart"
"21.07.2011 06:43:58";"ZulJahrgänge_Kurzbez"
"21.07.2014 12:05:03";"Abgangsart"
"21.07.2017 09:25:04";"Abgangsart"
"21.08.2017 09:15:04";"Fachklasse"
"21.08.2018 09:52:23";"Bilingual"
"21.09.2015 15:03:23";"Fachklasse"
"21.09.2016 13:35:24";"Fachklasse"
"21.09.2018 09:21:59";"Fachklasse"
"21.09.2022 15:03:28";"ZulFächer"
"21.10.2009 14:20:46";"Gemeinden"
"22.01.2013 10:04:49";"Bilingual"
"22.01.2013 11:43:08";"Fachklasse"
"22.01.2013 14:23:54";"Förderschwerpunkt"
"22.01.2015 08:56:04";"Gliederung"
"22.01.2015 13:15:07";"Fachklasse"
"22.02.2011 12:09:08";"Schulformen"
"22.02.2011 12:31:23";"ZulKuArt"
"22.02.2016 16:10:37";"ZulFächer"
"22.02.2016 16:46:20";"Abgangsart"
"22.02.2017 11:39:52";"ZulFächer"
"22.02.2017 11:41:15";"LehrerLehrbefaehigung"
"22.03.2012 14:21:27";"Fachklasse"
"22.03.2013 15:35:24";"Fachklasse"
"22.03.2016 15:32:52";"Betreuung"
"22.04.2009 11:07:14";"Herkunftsart"
"22.04.2009 11:10:08";"Gliederung"
"22.04.2009 11:20:08";"Gliederung"
"22.04.2009 11:21:36";"Fachklasse"
"22.04.2009 11:23:21";"Gliederung"
"22.04.2009 11:26:50";"ZulJahrgänge"
"22.04.2009 11:27:07";"ZulJahrgänge"
"22.04.2009 11:27:15";"ZulJahrgänge"
"22.04.2009 11:27:15";"ZulJahrgänge"
"22.04.2009 11:27:21";"ZulJahrgänge"
"22.04.2009 11:27:40";"ZulJahrgänge"
"22.04.2015 14:05:03";"Herkunftsschulform"
"22.04.2020 13:39:43";"Fachklasse"
"22.04.2020 17:12:53";"LehrerAnrechnung"
"22.04.2022 12:28:37";"Gliederung"
"22.04.2022 15:23:12";"ZulKuArt"
"22.04.2022 15:37:59";"ZulFächer"
"22.05.2012 09:15:59";"ZulFächer"
"22.05.2013 15:12:34";"ZulJahrgänge_Kurzbez"
"22.05.2013 15:35:16";"ZulKuArt"
"22.05.2013 16:16:42";"ZulFächer"
"22.05.2014 14:59:00";"Fachklasse"
"22.05.2014 15:40:09";"ZulFächer"
"22.05.2017 13:04:14";"ZulFächer"
"22.05.2017 13:06:05";"LehrerLehrbefaehigung"
"22.05.2017 14:53:40";"ZulKuArt"
"22.05.2018 14:56:35";"Herkunftsart"
"22.05.2020 09:22:27";"ZulKuArt"
"22.05.2020 13:56:54";"ZulFächer"
"22.06.2009 11:53:35";"AndereGrundschulen"
"22.06.2009 11:53:41";"AndereGrundschulen"
"22.06.2011 08:45:01";"Abgangsart"
"22.06.2011 09:29:39";"ZulFächer"
"22.06.2022 14:12:27";"Gliederung"
"22.07.2011 14:13:31";"Herkunftsart"
"22.07.2015 10:55:41";"Gliederung"
"22.08.2013 10:52:53";"ZulKuArt"
"22.09.2010 14:43:23";"Fachklasse"
"22.09.2014 11:31:57";"Fachklasse"
"22.09.2015 11:01:37";"Fachklasse"
"22.09.2016 13:42:34";"Fachklasse"
"22.10.2008 11:22:06";"Herkunftsart"
"22.10.2008 11:22:15";"Herkunftsart"
"22.10.2008 11:22:22";"Herkunftsart"
"22.10.2008 11:22:38";"Herkunftsart"
"22.10.2008 11:22:42";"Herkunftsart"
"22.10.2008 11:23:05";"Herkunftsart"
"22.10.2008 11:23:32";"Herkunftsart"
"22.10.2008 11:23:36";"Herkunftsart"
"22.10.2008 11:23:52";"Herkunftsart"
"22.10.2008 11:26:25";"Herkunftsart"
"22.10.2008 11:50:59";"Einschulungsart"
"22.10.2008 11:55:19";"Einschulungsart"
"22.10.2008 11:57:02";"Herkunftsart"
"22.10.2008 11:57:51";"Herkunftsart"
"22.10.2008 11:58:59";"Einschulungsart"
"22.10.2008 12:00:34";"Einschulungsart"
"22.10.2008 12:02:35";"Herkunftsart"
"22.10.2008 12:03:13";"Herkunftsart"
"22.10.2008 12:03:44";"Herkunftsart"
"22.10.2008 12:04:27";"Herkunftsart"
"22.10.2008 12:06:44";"Herkunftsart"
"22.10.2008 12:07:13";"Herkunftsart"
"22.10.2008 12:10:05";"Herkunftsart"
"22.10.2008 12:11:58";"Herkunftsart"
"22.10.2008 12:12:36";"Herkunftsart"
"22.10.2008 12:13:22";"Herkunftsart"
"22.10.2008 12:14:38";"Herkunftsart"
"22.10.2008 12:15:08";"Herkunftsart"
"22.10.2008 12:15:34";"Herkunftsart"
"22.10.2008 12:15:59";"Herkunftsart"
"22.10.2008 12:16:35";"Herkunftsart"
"22.10.2008 12:18:23";"Einschulungsart"
"22.10.2008 12:30:08";"Herkunftsart"
"22.10.2008 12:30:28";"Herkunftsart"
"22.10.2008 12:30:47";"Herkunftsart"
"22.11.2016 08:26:36";"ZulFächer"
"22.12.2017 10:30:37";"Fachklasse"
"23.01.2013 10:38:53";"Fachklasse"
"23.01.2014 08:55:42";"ZulJahrgänge_Kurzbez"
"23.01.2014 10:09:36";"Gliederung"
"23.01.2014 10:11:13";"ZulJahrgänge"
"23.01.2017 09:42:08";"ZulKuArt"
"23.01.2017 13:44:54";"ZulJahrgänge_Kurzbez"
"23.02.2015 10:20:10";"Fachklasse"
"23.02.2016 11:10:19";"ZulFächer"
"23.02.2021 11:43:18";"LehrerLehramt"
"23.03.2012 08:23:53";"Gliederung"
"23.03.2012 08:31:09";"Förderschwerpunkt"
"23.03.2012 12:44:15";"Nationalitäten"
"23.03.2012 13:30:45";"Herkunftsschulform"
"23.03.2015 15:01:56";"Fachklasse"
"23.03.2016 10:44:41";"ZulKuArt"
"23.03.2016 13:00:43";"ZulFächer"
"23.03.2016 13:16:49";"ZulJahrgänge_Kurzbez"
"23.03.2018 12:24:02";"LehrerLehrbefaehigung"
"23.03.2018 12:45:57";"LehrerMinderleistung"
"23.03.2018 12:49:33";"LehrerMehrleistung"
"23.03.2018 14:59:07";"LehrerAnrechnung"
"23.03.2018 15:37:54";"ZulFächer"
"23.03.2020 12:39:32";"ZulKuArt"
"23.04.2010 08:54:51";"Herkunftsart"
"23.04.2013 16:45:03";"ZulFächer"
"23.04.2019 13:54:07";"Herkunftsart"
"23.04.2019 15:23:41";"ZulKuArt"
"23.04.2020 09:54:27";"Herkunftsart"
"23.05.2012 08:24:18";"ZulKuArt"
"23.05.2012 13:15:35";"Abgangsart"
"23.05.2013 10:48:18";"ZulFächer"
"23.05.2013 11:26:20";"Bilingual"
"23.05.2016 10:05:04";"ZulKuArt"
"23.05.2019 08:31:45";"Fachklasse"
"23.06.2009 12:34:44";"Herkunftsart"
"23.06.2009 12:34:59";"Herkunftsart"
"23.06.2009 12:35:03";"Herkunftsart"
"23.06.2009 12:35:15";"Herkunftsart"
"23.06.2009 12:35:33";"Herkunftsart"
"23.06.2009 12:35:37";"Herkunftsart"
"23.06.2009 12:35:40";"Herkunftsart"
"23.06.2009 12:36:04";"Herkunftsart"
"23.06.2009 12:47:13";"Herkunftsart"
"23.06.2009 12:56:10";"Herkunftsart"
"23.06.2009 13:32:10";"Herkunftsart"
"23.06.2015 12:12:17";"Fachklasse"
"23.06.2015 13:38:00";"ZulJahrgänge"
"23.06.2020 18:14:57";"Fachklasse"
"23.08.2016 08:45:38";"Fachklasse"
"23.08.2017 13:57:13";"Fachklasse"
"23.09.2010 16:04:41";"Fachklasse"
"23.09.2014 15:22:49";"Organisationsform"
"23.09.2016 12:45:04";"Fachklasse"
"23.10.2017 13:59:14";"Fachklasse"
"24.01.2013 09:49:48";"Fachklasse"
"24.01.2017 14:41:53";"ZulKuArt"
"24.01.2017 16:32:56";"ZulJahrgänge_Kurzbez"
"24.01.2017 16:34:41";"ZulJahrgänge"
"24.02.2014 07:42:41";"Fachklasse"
"24.02.2014 15:52:20";"ZulKuArt"
"24.02.2015 12:24:49";"Fachklasse"
"24.03.2015 13:59:49";"Herkunftsart"
"24.03.2015 14:30:09";"ZulKuArt"
"24.03.2015 14:37:35";"Organisationsform"
"24.03.2015 14:55:41";"ZulJahrgänge"
"24.03.2016 11:45:24";"Herkunftsart"
"24.03.2016 16:06:46";"Fachklasse"
"24.04.2009 06:50:29";"ZulJahrgänge_Kurzbez"
"24.04.2009 06:50:46";"ZulJahrgänge_Kurzbez"
"24.04.2009 06:51:05";"ZulJahrgänge_Kurzbez"
"24.04.2009 06:52:09";"ZulJahrgänge_Kurzbez"
"24.04.2009 06:52:41";"ZulJahrgänge_Kurzbez"
"24.04.2009 06:53:32";"ZulJahrgänge_Kurzbez"
"24.04.2009 06:53:49";"ZulJahrgänge_Kurzbez"
"24.04.2009 06:54:03";"ZulJahrgänge_Kurzbez"
"24.04.2009 06:54:25";"ZulJahrgänge_Kurzbez"
"24.04.2009 06:54:43";"ZulJahrgänge_Kurzbez"
"24.04.2009 06:54:56";"ZulJahrgänge_Kurzbez"
"24.04.2009 06:54:56";"ZulJahrgänge_Kurzbez"
"24.04.2009 06:55:05";"ZulJahrgänge_Kurzbez"
"24.04.2009 06:55:16";"ZulJahrgänge_Kurzbez"
"24.04.2009 06:56:43";"ZulJahrgänge_Kurzbez"
"24.04.2009 06:56:43";"ZulJahrgänge_Kurzbez"
"24.04.2009 06:56:50";"ZulJahrgänge_Kurzbez"
"24.04.2009 06:56:54";"ZulJahrgänge_Kurzbez"
"24.04.2009 06:58:58";"ZulJahrgänge_Kurzbez"
"24.04.2009 07:00:36";"ZulJahrgänge_Kurzbez"
"24.04.2009 07:00:48";"ZulJahrgänge_Kurzbez"
"24.04.2013 13:33:51";"Förderschwerpunkt"
"24.04.2017 12:57:33";"ZulFächer"
"24.04.2018 08:58:35";"Abgangsart"
"24.04.2019 13:31:28";"Gliederung"
"24.04.2019 15:09:47";"ZulKuArt"
"24.05.2012 15:22:25";"Fachklasse"
"24.06.2009 07:47:51";"Herkunftsart"
"24.06.2009 08:01:16";"Herkunftsart"
"24.06.2009 08:01:53";"Herkunftsart"
"24.06.2009 08:02:01";"Herkunftsart"
"24.06.2009 08:02:04";"Herkunftsart"
"24.06.2009 08:02:09";"Herkunftsart"
"24.06.2009 08:02:13";"Herkunftsart"
"24.06.2009 08:02:17";"Herkunftsart"
"24.06.2009 08:02:26";"Herkunftsart"
"24.06.2010 11:46:19";"ZulJahrgänge"
"24.06.2010 16:07:23";"ZulJahrgänge_Kurzbez"
"24.06.2011 11:48:56";"Förderschwerpunkt"
"24.06.2011 13:01:51";"ZulJahrgänge"
"24.06.2011 13:18:04";"ZulKuArt"
"24.06.2014 14:20:52";"ZulFächer"
"24.06.2016 15:14:01";"Abgangsart"
"24.06.2020 16:57:17";"LehrerMehrleistung"
"24.06.2020 16:58:46";"LehrerMinderleistung"
"24.07.2017 08:34:38";"Abgangsart"
"24.08.2015 11:47:29";"LehrerLehrbefaehigung"
"24.08.2015 15:03:53";"Fachklasse"
"24.08.2018 15:56:51";"Fachklasse"
"24.09.2012 12:26:08";"Fachklasse"
"24.10.2012 13:32:00";"Fachklasse"
"25.01.2013 11:06:08";"Fachklasse"
"25.01.2017 08:12:25";"ZulKuArt"
"25.01.2017 11:29:22";"ZulJahrgänge_Kurzbez"
"25.01.2017 13:40:16";"ZulFächer"
"25.02.2013 07:20:52";"Fachklasse"
"25.02.2014 09:19:16";"Herkunftsschulform"
"25.02.2015 12:44:14";"Gliederung"
"25.03.2015 13:58:02";"Abgangsart"
"25.04.2019 15:56:31";"Fachklasse"
"25.05.2010 09:16:09";"Fachklasse"
"25.05.2011 15:30:22";"Gliederung"
"25.05.2011 16:19:15";"Fachklasse"
"25.05.2018 10:48:46";"Fachklasse"
"25.06.2009 10:02:25";"Herkunftsart"
"25.06.2009 10:02:31";"Herkunftsart"
"25.06.2009 10:02:46";"Herkunftsart"
"25.06.2009 10:03:51";"Herkunftsart"
"25.06.2009 10:04:27";"Herkunftsart"
"25.06.2009 10:05:30";"Herkunftsart"
"25.06.2009 10:21:17";"Herkunftsart"
"25.06.2009 10:21:47";"Herkunftsart"
"25.06.2009 10:22:07";"Herkunftsart"
"25.06.2009 10:24:27";"Herkunftsart"
"25.06.2009 10:34:00";"Herkunftsart"
"25.06.2009 11:27:48";"Herkunftsart"
"25.06.2009 11:28:05";"Herkunftsart"
"25.06.2009 14:25:51";"Herkunftsart"
"25.06.2009 15:00:47";"Abgangsart"
"25.06.2009 15:00:58";"Abgangsart"
"25.06.2009 15:02:55";"Einschulungsart"
"25.06.2009 15:18:03";"Einschulungsart"
"25.06.2009 15:19:07";"Einschulungsart"
"25.06.2009 15:19:12";"Abgangsart"
"25.06.2009 15:19:37";"Einschulungsart"
"25.06.2009 15:20:47";"Einschulungsart"
"25.06.2009 15:22:06";"Einschulungsart"
"25.06.2010 12:16:08";"Gliederung"
"25.06.2012 06:23:54";"ZulKuArt"
"25.06.2012 13:58:25";"Herkunftsart"
"25.06.2012 16:55:14";"Gliederung"
"25.07.2011 09:56:50";"ZulFächer"
"25.07.2011 12:13:24";"Herkunftsart"
"25.07.2011 13:04:34";"Bilingual"
"25.08.2015 15:11:15";"Fachklasse"
"25.08.2020 16:10:39";"Fachklasse"
"25.09.2012 08:03:07";"Fachklasse"
"25.11.2015 11:00:24";"Fachklasse"
"26.01.2009 15:34:42";"ZulKuArt"
"26.01.2009 15:34:45";"ZulKuArt"
"26.01.2009 15:34:49";"ZulKuArt"
"26.01.2009 15:34:55";"ZulKuArt"
"26.01.2009 15:35:00";"ZulKuArt"
"26.01.2016 12:38:08";"Herkunftsschulform"
"26.01.2016 14:27:13";"Herkunftsart"
"26.01.2016 15:20:13";"Gliederung"
"26.01.2016 17:19:51";"Abgangsart"
"26.01.2018 14:44:35";"Fachklasse"
"26.02.2014 14:06:02";"ZulKuArt"
"26.02.2018 15:43:08";"ZulFächer"
"26.03.2013 09:07:17";"AllgMerkmale"
"26.03.2015 08:01:18";"Fachklasse"
"26.03.2019 14:55:59";"LehrerAnrechnung"
"26.03.2020 10:06:32";"ZulFächer"
"26.03.2020 11:36:08";"ZulKuArt"
"26.04.2013 08:51:24";"Fachklasse"
"26.04.2016 13:41:27";"ZulJahrgänge_Kurzbez"
"26.04.2016 13:43:24";"ZulJahrgänge"
"26.04.2019 10:06:04";"Fachklasse"
"26.04.2019 10:30:35";"Gliederung"
"26.05.2009 11:16:13";"Fachklasse"
"26.05.2009 11:17:29";"Fachklasse"
"26.05.2009 11:18:12";"Fachklasse"
"26.05.2009 11:18:15";"Fachklasse"
"26.05.2009 11:18:16";"Fachklasse"
"26.05.2009 11:18:17";"Fachklasse"
"26.05.2009 11:19:35";"Fachklasse"
"26.05.2009 11:21:00";"Fachklasse"
"26.05.2009 11:22:09";"Fachklasse"
"26.05.2009 11:22:20";"Fachklasse"
"26.05.2009 11:22:31";"Fachklasse"
"26.05.2009 11:23:21";"Fachklasse"
"26.05.2009 11:24:08";"Fachklasse"
"26.05.2009 11:26:06";"Fachklasse"
"26.05.2009 11:26:19";"Fachklasse"
"26.05.2009 11:26:21";"Fachklasse"
"26.05.2009 11:26:24";"Fachklasse"
"26.05.2009 11:26:29";"Fachklasse"
"26.05.2009 11:26:47";"Fachklasse"
"26.05.2009 11:28:03";"Fachklasse"
"26.05.2009 11:28:08";"Fachklasse"
"26.05.2009 11:28:12";"Fachklasse"
"26.05.2009 11:28:33";"Fachklasse"
"26.05.2009 11:28:39";"Fachklasse"
"26.05.2009 11:28:46";"Fachklasse"
"26.05.2009 11:28:51";"Fachklasse"
"26.05.2009 11:28:56";"Fachklasse"
"26.05.2009 11:31:38";"Fachklasse"
"26.05.2009 11:32:58";"Fachklasse"
"26.05.2011 15:53:26";"Fachklasse"
"26.07.2011 12:54:40";"ZulFächer"
"26.08.2014 09:25:16";"Fachklasse"
"26.09.2016 13:48:51";"Fachklasse"
"26.09.2017 15:19:19";"Fachklasse"
"26.09.2018 11:18:16";"Fachklasse"
"26.10.2018 14:47:28";"Fachklasse"
"26.11.2013 15:40:00";"Fachklasse"
"26.11.2015 14:39:51";"Fachklasse"
"27.01.2009 09:24:42";"Fachklasse"
"27.01.2009 09:24:54";"Fachklasse"
"27.01.2015 08:13:10";"Herkunftsschulform"
"27.01.2015 11:39:05";"ZulJahrgänge_Kurzbez"
"27.01.2016 17:21:31";"Abgangsart"
"27.01.2017 16:51:31";"Abgangsart"
"27.01.2021 09:30:17";"SVWS_ZulaessigeJahrgaenge"
"27.01.2021 16:05:27";"Fachklasse"
"27.02.2012 11:52:14";"ZulJahrgänge_Kurzbez"
"27.02.2015 11:52:07";"ZulJahrgänge"
"27.02.2015 13:39:48";"Nationalitäten"
"27.02.2015 13:43:48";"Abgangsart"
"27.02.2015 13:56:11";"LehrerLehrbefaehigung"
"27.03.2012 09:07:05";"Abgangsart"
"27.03.2012 13:42:43";"Fachklasse"
"27.03.2015 08:30:03";"ZulKuArt"
"27.03.2015 11:23:21";"Herkunftsart"
"27.04.2009 09:27:26";"Abgangsart"
"27.04.2009 09:27:43";"Abgangsart"
"27.04.2009 09:34:29";"Bereiche_BK"
"27.04.2016 15:41:40";"Abgangsart"
"27.04.2017 14:06:48";"Gliederung"
"27.04.2017 17:11:36";"Fachklasse"
"27.04.2018 14:28:07";"Fachklasse"
"27.04.2018 14:54:16";"Gliederung"
"27.04.2020 13:39:27";"Herkunftsart"
"27.04.2020 15:29:44";"ZulFächer"
"27.04.2020 17:46:42";"ZulKuArt"
"27.04.2022 09:15:23";"ZulFächer"
"27.05.2009 12:16:33";"Gliederung"
"27.05.2009 12:17:00";"Gliederung"
"27.05.2010 10:07:48";"ZulJahrgänge_Kurzbez"
"27.05.2010 10:42:19";"ZulJahrgänge"
"27.05.2013 10:20:26";"ZulFächer"
"27.05.2014 08:54:29";"ZulKuArt"
"27.05.2014 10:16:44";"ZulFächer"
"27.05.2015 07:45:17";"Fachklasse"
"27.05.2019 15:26:46";"ZulKuArt"
"27.05.2019 15:32:05";"LehrerAnrechnung"
"27.06.2011 09:47:18";"Förderschwerpunkt"
"27.06.2011 15:02:34";"Gliederung"
"27.07.2010 10:49:07";"Gliederung"
"27.07.2011 12:40:50";"LehrerLehramt"
"27.07.2011 12:50:03";"LehrerAnrechnung"
"27.07.2011 12:51:43";"LehrerLehrbefaehigung"
"27.07.2011 14:24:25";"ZulFächer"
"27.07.2016 12:56:51";"Fachklasse"
"27.07.2017 16:31:46";"Abgangsart"
"27.07.2022 15:15:26";"ZulFächer"
"27.08.2009 08:57:25";"Abgangsart"
"27.08.2009 08:58:12";"Abgangsart"
"27.08.2009 09:11:47";"Abgangsart"
"27.08.2009 09:11:49";"Abgangsart"
"27.08.2009 09:11:52";"Abgangsart"
"27.08.2014 12:46:59";"Fachklasse"
"27.08.2018 10:35:12";"Fachklasse"
"27.08.2020 16:11:13";"Fachklasse"
"27.10.2009 12:41:30";"Herkunftsschulform"
"27.10.2016 10:20:12";"Fachklasse"
"27.11.2012 14:30:21";"Fachklasse"
"28.01.2009 10:35:37";"Fachklasse"
"28.01.2009 10:41:10";"Fachklasse"
"28.01.2009 10:45:15";"Fachklasse"
"28.01.2009 10:45:36";"Fachklasse"
"28.01.2009 10:49:43";"Fachklasse"
"28.01.2009 10:52:56";"Fachklasse"
"28.01.2009 12:16:52";"Fachklasse"
"28.01.2013 10:37:36";"Fachklasse"
"28.01.2014 09:24:37";"ZulKuArt"
"28.01.2014 09:41:02";"Fachklasse"
"28.01.2015 15:26:08";"ZulKuArt"
"28.01.2016 11:04:49";"Abgangsart"
"28.01.2016 11:54:15";"Gliederung"
"28.01.2020 14:36:59";"Geschlecht"
"28.02.2019 10:32:27";"ZulFächer"
"28.03.2012 08:43:35";"ZulFächer"
"28.03.2012 13:00:59";"Fachklasse"
"28.03.2017 08:13:00";"Gliederung"
"28.03.2017 13:31:09";"Fachklasse"
"28.03.2022 10:20:15";"ZulKuArt"
"28.03.2022 10:21:07";"Organisationsform"
"28.04.2009 13:53:35";"ZulQualifikation"
"28.04.2009 16:18:06";"ZulQualifikation"
"28.04.2014 16:01:09";"Herkunftsschulform"
"28.04.2016 12:50:03";"Abgangsart"
"28.04.2017 10:07:02";"Fachklasse"
"28.04.2020 17:00:58";"ZulKuArt"
"28.04.2022 11:06:12";"ZulKuArt"
"28.05.2009 09:07:56";"AndereGrundschulen"
"28.05.2009 09:08:01";"AndereGrundschulen"
"28.05.2009 09:08:06";"AndereGrundschulen"
"28.05.2014 10:23:03";"Abgangsart"
"28.05.2014 14:21:17";"ZulFächer"
"28.05.2014 15:30:02";"ZulKuArt"
"28.05.2019 08:36:25";"ZulKuArt"
"28.05.2020 09:56:03";"Herkunftsschulform"
"28.05.2020 13:36:13";"Fachklasse"
"28.06.2011 15:30:11";"Fachklasse"
"28.06.2012 08:33:36";"ZulJahrgänge_Kurzbez"
"28.07.2011 09:08:50";"ZulJahrgänge"
"28.07.2017 07:16:05";"Abgangsart"
"28.08.2014 09:00:10";"Fachklasse"
"28.09.2009 10:34:44";"ZulKuArt"
"28.09.2009 10:35:27";"ZulKuArt"
"28.09.2009 10:39:28";"ZulJahrgänge_Kurzbez"
"28.09.2009 10:39:54";"ZulJahrgänge_Kurzbez"
"28.09.2009 10:40:20";"ZulJahrgänge_Kurzbez"
"28.09.2009 10:44:23";"ZulFächer"
"28.09.2009 10:45:25";"ZulFächer"
"28.09.2009 10:45:49";"ZulFächer"
"28.09.2009 10:46:21";"ZulFächer"
"28.09.2009 10:46:44";"ZulFächer"
"28.09.2009 10:47:04";"ZulFächer"
"28.09.2009 10:47:29";"ZulFächer"
"28.09.2009 10:47:50";"ZulFächer"
"28.09.2009 10:48:10";"ZulFächer"
"28.09.2009 10:48:42";"ZulFächer"
"28.09.2009 10:49:01";"ZulFächer"
"28.09.2009 10:49:29";"ZulFächer"
"28.09.2009 10:49:51";"ZulFächer"
"28.09.2009 10:50:15";"ZulFächer"
"28.09.2009 10:50:30";"ZulFächer"
"28.09.2009 10:50:52";"ZulFächer"
"28.09.2009 10:51:08";"ZulFächer"
"28.09.2009 10:51:32";"ZulFächer"
"28.09.2009 10:51:53";"ZulFächer"
"28.09.2009 10:52:16";"ZulFächer"
"28.09.2009 10:53:04";"ZulFächer"
"28.09.2009 10:53:20";"ZulFächer"
"28.09.2009 10:53:41";"ZulFächer"
"28.09.2009 10:54:05";"ZulFächer"
"28.09.2009 10:54:24";"ZulFächer"
"28.09.2009 10:54:44";"ZulFächer"
"28.09.2009 10:54:59";"ZulFächer"
"28.09.2009 10:55:20";"ZulFächer"
"28.09.2009 10:55:39";"ZulFächer"
"28.09.2009 10:56:06";"ZulFächer"
"28.09.2009 10:56:20";"ZulFächer"
"28.09.2009 10:56:40";"ZulFächer"
"28.09.2009 10:56:57";"ZulFächer"
"28.09.2009 10:57:07";"ZulFächer"
"28.09.2009 13:16:28";"ZulJahrgänge_Kurzbez"
"28.09.2009 13:16:55";"ZulJahrgänge_Kurzbez"
"28.09.2009 13:19:48";"ZulJahrgänge_Kurzbez"
"28.09.2009 13:19:57";"ZulJahrgänge_Kurzbez"
"28.09.2009 13:20:04";"ZulJahrgänge_Kurzbez"
"28.09.2009 13:20:36";"ZulJahrgänge_Kurzbez"
"28.09.2009 13:20:41";"ZulJahrgänge_Kurzbez"
"28.09.2009 13:23:37";"ZulFächer"
"28.09.2009 13:24:45";"ZulFächer"
"28.09.2009 13:27:16";"ZulFächer"
"28.09.2009 13:27:57";"ZulFächer"
"28.09.2009 13:29:39";"ZulFächer"
"28.09.2009 13:29:59";"ZulFächer"
"28.09.2009 13:30:17";"ZulFächer"
"28.09.2009 13:32:39";"ZulFächer"
"28.09.2009 13:32:45";"ZulFächer"
"28.09.2009 13:32:52";"ZulFächer"
"28.09.2009 13:33:22";"ZulFächer"
"28.09.2009 13:33:45";"ZulFächer"
"28.09.2009 13:34:00";"ZulFächer"
"28.09.2009 13:34:19";"ZulFächer"
"28.09.2009 13:34:45";"ZulFächer"
"28.09.2009 13:35:17";"ZulFächer"
"28.09.2009 13:35:45";"ZulFächer"
"28.09.2009 13:35:54";"ZulFächer"
"28.09.2009 13:36:13";"ZulFächer"
"28.09.2009 13:36:39";"ZulFächer"
"28.09.2009 13:37:24";"ZulFächer"
"28.09.2009 13:37:43";"ZulFächer"
"28.09.2009 13:38:01";"ZulFächer"
"28.09.2009 13:38:20";"ZulFächer"
"28.09.2009 13:38:41";"ZulFächer"
"28.09.2009 13:39:17";"ZulFächer"
"28.09.2009 13:39:51";"ZulFächer"
"28.09.2009 13:41:01";"ZulFächer"
"28.09.2009 13:41:29";"ZulFächer"
"28.11.2012 14:56:51";"Fachklasse"
"29.01.2009 08:41:51";"Fachklasse"
"29.01.2009 08:42:09";"Fachklasse"
"29.01.2009 08:52:37";"Gliederung"
"29.01.2013 11:05:01";"Abgangsart"
"29.01.2014 15:16:34";"Fachklasse"
"29.01.2016 13:15:29";"AllgMerkmale"
"29.01.2016 17:04:15";"Fachklasse"
"29.02.2016 17:24:17";"Abgangsart"
"29.03.2016 12:21:54";"Fachklasse"
"29.03.2017 08:58:20";"Fachklasse"
"29.03.2022 12:39:52";"Gliederung"
"29.04.2016 14:06:14";"ZulJahrgänge"
"29.04.2019 09:53:42";"Gliederung"
"29.04.2020 13:16:10";"Fachklasse"
"29.04.2020 13:51:01";"Gliederung"
"29.04.2020 14:01:14";"Herkunftsschulform"
"29.04.2021 12:55:34";"Gliederung"
"29.04.2022 10:06:00";"Gliederung"
"29.05.2009 10:37:33";"ZulKuArt"
"29.05.2009 10:38:55";"ZulKuArt"
"29.05.2009 10:39:40";"ZulKuArt"
"29.05.2009 10:39:53";"ZulKuArt"
"29.05.2009 10:40:12";"ZulKuArt"
"29.05.2009 10:40:41";"ZulKuArt"
"29.05.2009 10:40:58";"ZulKuArt"
"29.05.2009 10:41:16";"ZulKuArt"
"29.05.2009 10:42:03";"ZulKuArt"
"29.05.2009 10:42:27";"ZulKuArt"
"29.05.2009 10:42:37";"ZulKuArt"
"29.05.2009 10:47:46";"ZulKuArt"
"29.05.2009 10:48:05";"ZulKuArt"
"29.05.2009 10:48:34";"ZulKuArt"
"29.05.2009 10:49:05";"ZulKuArt"
"29.05.2017 15:44:41";"ZulKuArt"
"29.06.2009 10:50:37";"Abgangsart"
"29.06.2009 10:53:15";"Abgangsart"
"29.06.2009 10:53:15";"Abgangsart"
"29.06.2009 10:53:15";"Abgangsart"
"29.06.2009 10:53:15";"Abgangsart"
"29.06.2009 10:53:15";"Abgangsart"
"29.06.2009 10:53:15";"Abgangsart"
"29.06.2009 10:53:23";"Abgangsart"
"29.06.2009 10:53:25";"Abgangsart"
"29.06.2009 10:53:27";"Abgangsart"
"29.06.2009 10:53:29";"Abgangsart"
"29.06.2009 10:53:31";"Abgangsart"
"29.06.2009 10:53:55";"Abgangsart"
"29.06.2009 10:54:10";"Abgangsart"
"29.06.2010 13:39:29";"Herkunftsart"
"29.06.2011 10:01:01";"Fachklasse"
"29.06.2011 14:34:33";"Gliederung"
"29.06.2012 15:44:39";"ZulFächer"
"29.06.2012 16:02:06";"AndereGrundschulen"
"29.06.2020 10:02:19";"Gliederung"
"29.06.2020 12:51:25";"Fachklasse"
"29.07.2010 10:54:38";"LehrerAnrechnung"
"29.07.2010 12:05:15";"LehrerFachrichtung"
"29.07.2010 14:25:31";"LehrerLehrbefaehigung"
"29.07.2010 14:27:10";"LehrerMehrleistung"
"29.07.2010 14:32:19";"LehrerMinderleistung"
"29.10.2008 11:49:57";"Nationalitäten"
"30.01.2012 17:57:12";"Fachklasse"
"30.01.2014 11:42:46";"ZulKuArt"
"30.01.2020 11:05:57";"ZulKuArt"
"30.03.2022 11:08:25";"LehrerAnrechnung"
"30.03.2022 15:12:50";"Herkunftsart"
"30.04.2009 13:26:50";"ZulJahrgänge"
"30.04.2009 13:26:54";"ZulJahrgänge"
"30.04.2009 13:27:06";"ZulJahrgänge"
"30.04.2009 15:22:21";"ZulJahrgänge"
"30.04.2009 15:22:48";"ZulJahrgänge"
"30.04.2009 15:23:11";"ZulJahrgänge"
"30.04.2009 15:23:33";"ZulJahrgänge"
"30.04.2013 11:57:41";"Gliederung"
"30.04.2014 14:18:05";"Abgangsart"
"30.04.2019 09:44:59";"Gliederung"
"30.04.2020 15:14:33";"Fachklasse"
"30.05.2011 15:41:07";"Fachklasse"
"30.05.2012 10:02:56";"Abgangsart"
"30.05.2012 14:59:33";"ZulFächer"
"30.05.2012 15:50:28";"ZulKuArt"
"30.05.2017 12:44:02";"ZulKuArt"
"30.05.2018 09:53:13";"Fachklasse"
"30.06.2010 10:14:24";"Herkunftsart"
"30.06.2011 10:29:37";"Fachklasse"
"30.06.2011 12:59:40";"Förderschwerpunkt"
"30.06.2011 13:30:54";"Gliederung"
"30.06.2011 15:17:46";"Herkunftsschulform"
"30.06.2011 15:52:35";"Herkunftsart"
"30.08.2018 10:40:22";"Fachklasse"
"30.09.2016 16:24:47";"Fachklasse"
"30.11.2016 14:20:59";"ZulKuArt"
"30.11.2016 17:09:42";"Fachklasse"
"31.03.2009 15:24:15";"ZulKuArt"
"31.03.2009 15:24:42";"ZulKuArt"
"31.03.2009 15:25:06";"ZulKuArt"
"31.03.2009 15:25:11";"ZulKuArt"
"31.03.2009 15:25:19";"ZulKuArt"
"31.03.2009 15:28:17";"ZulKuArt"
"31.03.2009 15:31:32";"Herkunftsart"
"31.03.2009 15:31:46";"Herkunftsart"
"31.03.2009 15:32:40";"Herkunftsart"
"31.03.2015 15:22:17";"ZulJahrgänge"
"31.03.2015 15:23:05";"ZulJahrgänge_Kurzbez"
"31.03.2016 11:25:15";"Fachklasse"
"31.03.2017 09:07:52";"Fachklasse"
"31.03.2017 11:04:44";"Abgangsart"
"31.03.2020 12:45:11";"ZulKuArt"
"31.03.2022 12:24:21";"Herkunftsschulform"
"31.03.2022 13:45:29";"LehrerLehramt"
"31.03.2022 13:50:35";"LehrerLehrbefaehigung"
"31.03.2022 14:40:36";"LehrerAnrechnung"
"31.03.2022 16:13:29";"ZulFächer"
"31.03.2022 17:17:53";"ZulJahrgänge_Kurzbez"
"31.05.2012 10:34:40";"Förderschwerpunkt"
"31.05.2012 12:57:57";"ZulKuArt"
"31.05.2012 14:11:13";"ZulJahrgänge_Kurzbez"
"31.07.2019 15:01:59";"Gliederung"
"31.07.2019 15:20:11";"Herkunftsschulform"
"31.08.2018 08:55:29";"LehrerMinderleistung"
"31.10.2019 13:56:53";"Fachklasse"
