ID;PLZ;REGSCHL;ORT;STAND;Sortierung;ART
146618;"32049";"05758012";"Herford";;null;6
146619;"32051";"05758012";"Herford";;null;6
146620;"32052";"05758012";"Herford";;null;6
146652;"32105";"05766008";"Bad Salzuflen";;null;6
146653;"32107";"05766008";"Bad Salzuflen";;null;6
146654;"32108";"05766008";"Bad Salzuflen";;null;6
146660;"32120";"05758016";"Hiddenhausen";;null;6
146665;"32130";"05758008";"Enger";;null;6
146670;"32139";"05758032";"Spenge";;null;6
146694;"32257";"05758004";"Bünde";;null;6
146700;"32278";"05758020";"Kirchlengern";;null;6
146706;"32289";"05758028";"Rödinghausen";;null;6
146714;"32312";"05770020";"Lübbecke";;null;6
146722;"32339";"05770008";"Espelkamp";;null;6
146726;"32351";"05770044";"Stemwede";;null;6
146729;"32361";"05770036";"Preußisch Oldendorf";;null;6
146733;"32369";"05770040";"Rahden";;null;6
146767;"32423";"05770024";"Minden";;null;6
146768;"32425";"05770024";"Minden";;null;6
146769;"32427";"05770024";"Minden";;null;6
146770;"32429";"05770024";"Minden";;null;6
146780;"32457";"05770032";"Porta Westfalica";;null;6
146785;"32469";"05770028";"Petershagen";;null;6
146789;"32479";"05770012";"Hille";;null;6
146811;"32545";"05770004";"Bad Oeynhausen";;null;6
146812;"32547";"05770004";"Bad Oeynhausen";;null;6
146813;"32549";"05770004";"Bad Oeynhausen";;null;6
146825;"32584";"05758024";"Löhne";;null;6
146833;"32602";"05758036";"Vlotho";;null;6
146837;"32609";"05770016";"Hüllhorst";;null;6
146851;"32657";"05766044";"Lemgo";;null;6
146852;"32676";"05766052";"Lügde";;null;6
146856;"32683";"05766012";"Barntrup";;null;6
146859;"32689";"05766036";"Kalletal";;null;6
146862;"32694";"05766024";"Dörentrup";;null;6
146865;"32699";"05766028";"Extertal";;null;6
146903;"32756";"05766020";"Detmold";;null;6
146904;"32758";"05766020";"Detmold";;null;6
146905;"32760";"05766020";"Detmold";;null;6
146906;"32791";"05766040";"Lage";;null;6
146910;"32805";"05766032";"Horn-Bad Meinberg";;null;6
146914;"32816";"05766060";"Schieder-Schwalenberg";;null;6
146920;"32825";"05766016";"Blomberg";;null;6
146924;"32832";"05766004";"Augustdorf";;null;6
146928;"32839";"05762032";"Steinheim";;null;6
146935;"33014";"05762004";"Bad Driburg";;null;6
146941;"33034";"05762016";"Brakel";;null;6
146944;"33039";"05762028";"Nieheim";;null;6
146980;"33098";"05774032";"Paderborn";;null;6
146981;"33100";"05774032";"Paderborn";;null;6
146982;"33102";"05774032";"Paderborn";;null;6
146983;"33104";"05774032";"Paderborn";;null;6
146984;"33106";"05774032";"Paderborn";;null;6
146990;"33129";"05774020";"Delbrück";;null;6
146995;"33142";"05774016";"Büren";;null;6
147000;"33154";"05774032";"Paderborn";;null;6
147001;"33154";"05774036";"Salzkotten";;null;6
147005;"33161";"05774024";"Hövelhof";;null;6
147006;"33161";"05774032";"Paderborn";;null;6
147007;"33165";"05774028";"Lichtenau";;null;6
147013;"33175";"05774008";"Bad Lippspringe";;null;6
147015;"33178";"05774012";"Borchen";;null;6
147017;"33181";"05774040";"Bad Wünnenberg";;null;6
147019;"33184";"05774004";"Altenbeken";;null;6
147022;"33189";"05766064";"Schlangen";;null;6
147073;"33330";"05754008";"Gütersloh";;null;6
147074;"33332";"05754008";"Gütersloh";;null;6
147075;"33333";"05754008";"Gütersloh";;null;6
147076;"33334";"05754008";"Gütersloh";;null;6
147077;"33335";"05754008";"Gütersloh";;null;6
147108;"33378";"05754028";"Rheda-Wiedenbrück";;null;6
147119;"33397";"05754032";"Rietberg";;null;6
147136;"33415";"05754044";"Verl";;null;6
147146;"33428";"05754016";"Harsewinkel";;null;6
147147;"33428";"05754016";"Harsewinkel";;null;6
147156;"33442";"05754020";"Herzebrock-Clarholz";;null;6
147159;"33449";"05754024";"Langenberg";;null;6
147222;"33602";"05711000";"Bielefeld";;null;6
147223;"33604";"05711000";"Bielefeld";;null;6
147224;"33605";"05711000";"Bielefeld";;null;6
147225;"33607";"05711000";"Bielefeld";;null;6
147226;"33609";"05711000";"Bielefeld";;null;6
147227;"33611";"05711000";"Bielefeld";;null;6
147228;"33613";"05711000";"Bielefeld";;null;6
147229;"33615";"05711000";"Bielefeld";;null;6
147230;"33617";"05711000";"Bielefeld";;null;6
147231;"33619";"05711000";"Bielefeld";;null;6
147246;"33647";"05711000";"Bielefeld";;null;6
147247;"33649";"05711000";"Bielefeld";;null;6
147251;"33659";"05711000";"Bielefeld";;null;6
147263;"33689";"05711000";"Bielefeld";;null;6
147270;"33699";"05711000";"Bielefeld";;null;6
147275;"33719";"05711000";"Bielefeld";;null;6
147279;"33729";"05711000";"Bielefeld";;null;6
147283;"33739";"05711000";"Bielefeld";;null;6
147289;"33758";"05754036";"Schloß Holte-Stukenbrock";;null;6
147298;"33775";"05754048";"Versmold";;null;6
147310;"33790";"05754012";"Halle (Westf.)";;null;6
147317;"33803";"05754040";"Steinhagen";;null;6
147322;"33813";"05766056";"Oerlinghausen";;null;6
147326;"33818";"05766048";"Leopoldshöhe";;null;6
147329;"33824";"05754052";"Werther (Westf.)";;null;6
147332;"33829";"05754004";"Borgholzhausen";;null;6
147339;"34414";"05762036";"Warburg";;null;6
147345;"34431";"05958024";"Marsberg";;null;6
147347;"34434";"05762012";"Borgentreich";;null;6
147350;"34439";"05762040";"Willebadessen";;null;6
147359;"37671";"05762020";"Höxter";;null;6
147364;"37688";"05762008";"Beverungen";;null;6
147366;"37696";"05762024";"Marienmünster";;null;6
147504;"40210";"05111000";"Düsseldorf";;null;6
147505;"40211";"05111000";"Düsseldorf";;null;6
147506;"40212";"05111000";"Düsseldorf";;null;6
147507;"40213";"05111000";"Düsseldorf";;null;6
147508;"40215";"05111000";"Düsseldorf";;null;6
147509;"40217";"05111000";"Düsseldorf";;null;6
147510;"40219";"05111000";"Düsseldorf";;null;6
147511;"40221";"05111000";"Düsseldorf";;null;6
147512;"40223";"05111000";"Düsseldorf";;null;6
147513;"40225";"05111000";"Düsseldorf";;null;6
147514;"40227";"05111000";"Düsseldorf";;null;6
147515;"40229";"05111000";"Düsseldorf";;null;6
147516;"40231";"05111000";"Düsseldorf";;null;6
147517;"40233";"05111000";"Düsseldorf";;null;6
147518;"40235";"05111000";"Düsseldorf";;null;6
147519;"40237";"05111000";"Düsseldorf";;null;6
147520;"40239";"05111000";"Düsseldorf";;null;6
147572;"40468";"05111000";"Düsseldorf";;null;6
147573;"40470";"05111000";"Düsseldorf";;null;6
147574;"40472";"05111000";"Düsseldorf";;null;6
147575;"40472";"05158028";"Ratingen";;null;6
147576;"40474";"05111000";"Düsseldorf";;null;6
147577;"40476";"05111000";"Düsseldorf";;null;6
147578;"40477";"05111000";"Düsseldorf";;null;6
147579;"40479";"05111000";"Düsseldorf";;null;6
147582;"40489";"05111000";"Düsseldorf";;null;6
147608;"40545";"05111000";"Düsseldorf";;null;6
147609;"40547";"05111000";"Düsseldorf";;null;6
147610;"40549";"05111000";"Düsseldorf";;null;6
147630;"40589";"05111000";"Düsseldorf";;null;6
147631;"40591";"05111000";"Düsseldorf";;null;6
147632;"40593";"05111000";"Düsseldorf";;null;6
147633;"40595";"05111000";"Düsseldorf";;null;6
147634;"40597";"05111000";"Düsseldorf";;null;6
147635;"40599";"05111000";"Düsseldorf";;null;6
147643;"40625";"05111000";"Düsseldorf";;null;6
147644;"40627";"05111000";"Düsseldorf";;null;6
147645;"40629";"05111000";"Düsseldorf";;null;6
147662;"40667";"05162022";"Meerbusch";;null;6
147663;"40668";"05162022";"Meerbusch";;null;6
147664;"40670";"05162022";"Meerbusch";;null;6
147678;"40699";"05158004";"Erkrath";;null;6
147691;"40721";"05111000";"Düsseldorf";;null;6
147692;"40721";"05158016";"Hilden";;null;6
147693;"40723";"05158016";"Hilden";;null;6
147694;"40724";"05158016";"Hilden";;null;6
147706;"40764";"05158020";"Langenfeld (Rheinland)";;null;6
147720;"40789";"05158026";"Monheim am Rhein";;null;6
147733;"40822";"05158024";"Mettmann";;null;6
147761;"40878";"05158028";"Ratingen";;null;6
147762;"40880";"05158028";"Ratingen";;null;6
147763;"40882";"05158028";"Ratingen";;null;6
147764;"40883";"05158028";"Ratingen";;null;6
147765;"40885";"05158028";"Ratingen";;null;6
147794;"41061";"05116000";"Mönchengladbach";;null;6
147795;"41063";"05116000";"Mönchengladbach";;null;6
147796;"41065";"05116000";"Mönchengladbach";;null;6
147797;"41066";"05116000";"Mönchengladbach";;null;6
147798;"41068";"05116000";"Mönchengladbach";;null;6
147799;"41069";"05116000";"Mönchengladbach";;null;6
147803;"41169";"05116000";"Mönchengladbach";;null;6
147806;"41179";"05116000";"Mönchengladbach";;null;6
147810;"41189";"05116000";"Mönchengladbach";;null;6
147815;"41199";"05116000";"Mönchengladbach";;null;6
147834;"41236";"05116000";"Mönchengladbach";;null;6
147835;"41238";"05116000";"Mönchengladbach";;null;6
147836;"41239";"05116000";"Mönchengladbach";;null;6
147853;"41334";"05166016";"Nettetal";;null;6
147862;"41352";"05162020";"Korschenbroich";;null;6
147868;"41363";"05162012";"Jüchen";;null;6
147870;"41366";"05166024";"Schwalmtal";;null;6
147873;"41372";"05166020";"Niederkrüchten";;null;6
147877;"41379";"05166004";"Brüggen";;null;6
147914;"41460";"05162024";"Neuss";;null;6
147915;"41462";"05162024";"Neuss";;null;6
147916;"41464";"05162024";"Neuss";;null;6
147917;"41466";"05162024";"Neuss";;null;6
147918;"41468";"05162024";"Neuss";;null;6
147919;"41469";"05162024";"Neuss";;null;6
147920;"41470";"05162024";"Neuss";;null;6
147921;"41472";"05162024";"Neuss";;null;6
147937;"41515";"05162008";"Grevenbroich";;null;6
147938;"41516";"05162008";"Grevenbroich";;null;6
147939;"41517";"05162008";"Grevenbroich";;null;6
147954;"41539";"05162004";"Dormagen";;null;6
147955;"41540";"05162004";"Dormagen";;null;6
147956;"41541";"05162004";"Dormagen";;null;6
147957;"41542";"05162004";"Dormagen";;null;6
147968;"41564";"05162016";"Kaarst";;null;6
147971;"41569";"05162028";"Rommerskirchen";;null;6
147996;"41747";"05166032";"Viersen";;null;6
147997;"41748";"05166032";"Viersen";;null;6
147998;"41749";"05166032";"Viersen";;null;6
147999;"41751";"05166032";"Viersen";;null;6
148006;"41812";"05370004";"Erkelenz";;null;6
148014;"41836";"05370020";"Hückelhoven";;null;6
148019;"41844";"05370040";"Wegberg";;null;6
148020;"41849";"05370036";"Wassenberg";;null;6
148074;"42103";"05124000";"Wuppertal";;null;6
148075;"42105";"05124000";"Wuppertal";;null;6
148076;"42107";"05124000";"Wuppertal";;null;6
148077;"42109";"05124000";"Wuppertal";;null;6
148078;"42111";"05124000";"Wuppertal";;null;6
148079;"42113";"05124000";"Wuppertal";;null;6
148080;"42115";"05124000";"Wuppertal";;null;6
148081;"42117";"05124000";"Wuppertal";;null;6
148082;"42119";"05124000";"Wuppertal";;null;6
148145;"42275";"05124000";"Wuppertal";;null;6
148146;"42277";"05124000";"Wuppertal";;null;6
148147;"42279";"05124000";"Wuppertal";;null;6
148148;"42281";"05124000";"Wuppertal";;null;6
148149;"42283";"05124000";"Wuppertal";;null;6
148150;"42285";"05124000";"Wuppertal";;null;6
148151;"42287";"05124000";"Wuppertal";;null;6
148152;"42289";"05124000";"Wuppertal";;null;6
148162;"42327";"05124000";"Wuppertal";;null;6
148163;"42329";"05124000";"Wuppertal";;null;6
148174;"42349";"05124000";"Wuppertal";;null;6
148183;"42369";"05124000";"Wuppertal";;null;6
148189;"42389";"05124000";"Wuppertal";;null;6
148190;"42399";"05124000";"Wuppertal";;null;6
148204;"42477";"05374036";"Radevormwald";;null;6
148210;"42489";"05158036";"Wülfrath";;null;6
148215;"42499";"05374016";"Hückeswagen";;null;6
148242;"42549";"05158032";"Velbert";;null;6
148243;"42551";"05158032";"Velbert";;null;6
148244;"42553";"05158032";"Velbert";;null;6
148245;"42555";"05158032";"Velbert";;null;6
148256;"42579";"05158012";"Heiligenhaus";;null;6
148283;"42651";"05122000";"Solingen";;null;6
148284;"42653";"05122000";"Solingen";;null;6
148285;"42655";"05122000";"Solingen";;null;6
148286;"42657";"05122000";"Solingen";;null;6
148287;"42659";"05122000";"Solingen";;null;6
148300;"42697";"05122000";"Solingen";;null;6
148301;"42699";"05122000";"Solingen";;null;6
148311;"42719";"05122000";"Solingen";;null;6
148324;"42781";"05158008";"Haan";;null;6
148332;"42799";"05378016";"Leichlingen (Rheinland)";;null;6
148359;"42853";"05120000";"Remscheid";;null;6
148360;"42855";"05120000";"Remscheid";;null;6
148361;"42857";"05120000";"Remscheid";;null;6
148362;"42859";"05120000";"Remscheid";;null;6
148377;"42897";"05120000";"Remscheid";;null;6
148378;"42899";"05120000";"Remscheid";;null;6
148389;"42929";"05378032";"Wermelskirchen";;null;6
148479;"44135";"05913000";"Dortmund";;null;6
148480;"44137";"05913000";"Dortmund";;null;6
148481;"44139";"05913000";"Dortmund";;null;6
148482;"44141";"05913000";"Dortmund";;null;6
148483;"44143";"05913000";"Dortmund";;null;6
148484;"44145";"05913000";"Dortmund";;null;6
148485;"44147";"05913000";"Dortmund";;null;6
148486;"44149";"05913000";"Dortmund";;null;6
148497;"44225";"05913000";"Dortmund";;null;6
148498;"44227";"05913000";"Dortmund";;null;6
148499;"44229";"05913000";"Dortmund";;null;6
148510;"44263";"05913000";"Dortmund";;null;6
148511;"44265";"05913000";"Dortmund";;null;6
148512;"44267";"05913000";"Dortmund";;null;6
148513;"44269";"05913000";"Dortmund";;null;6
148522;"44287";"05913000";"Dortmund";;null;6
148523;"44289";"05913000";"Dortmund";;null;6
148528;"44309";"05913000";"Dortmund";;null;6
148533;"44319";"05913000";"Dortmund";;null;6
148534;"44328";"05913000";"Dortmund";;null;6
148535;"44329";"05913000";"Dortmund";;null;6
148539;"44339";"05913000";"Dortmund";;null;6
148544;"44357";"05913000";"Dortmund";;null;6
148545;"44359";"05913000";"Dortmund";;null;6
148548;"44369";"05913000";"Dortmund";;null;6
148552;"44379";"05913000";"Dortmund";;null;6
148556;"44388";"05913000";"Dortmund";;null;6
148582;"44532";"05978024";"Lünen";;null;6
148583;"44534";"05978024";"Lünen";;null;6
148584;"44536";"05978024";"Lünen";;null;6
148601;"44575";"05562004";"Castrop-Rauxel";;null;6
148602;"44577";"05562004";"Castrop-Rauxel";;null;6
148603;"44579";"05562004";"Castrop-Rauxel";;null;6
148604;"44581";"05562004";"Castrop-Rauxel";;null;6
148615;"44623";"05916000";"Herne";;null;6
148616;"44625";"05916000";"Herne";;null;6
148617;"44627";"05916000";"Herne";;null;6
148618;"44628";"05916000";"Herne";;null;6
148619;"44629";"05916000";"Herne";;null;6
148624;"44649";"05916000";"Herne";;null;6
148625;"44651";"05916000";"Herne";;null;6
148626;"44652";"05916000";"Herne";;null;6
148627;"44653";"05916000";"Herne";;null;6
148683;"44787";"05911000";"Bochum";;null;6
148684;"44789";"05911000";"Bochum";;null;6
148685;"44791";"05911000";"Bochum";;null;6
148686;"44793";"05911000";"Bochum";;null;6
148687;"44795";"05911000";"Bochum";;null;6
148688;"44797";"05911000";"Bochum";;null;6
148689;"44799";"05911000";"Bochum";;null;6
148690;"44801";"05911000";"Bochum";;null;6
148691;"44803";"05911000";"Bochum";;null;6
148692;"44805";"05911000";"Bochum";;null;6
148693;"44807";"05911000";"Bochum";;null;6
148694;"44809";"05911000";"Bochum";;null;6
148707;"44866";"05911000";"Bochum";;null;6
148708;"44867";"05911000";"Bochum";;null;6
148709;"44869";"05911000";"Bochum";;null;6
148715;"44879";"05911000";"Bochum";;null;6
148721;"44892";"05911000";"Bochum";;null;6
148722;"44894";"05911000";"Bochum";;null;6
148825;"45127";"05113000";"Essen";;null;6
148826;"45128";"05113000";"Essen";;null;6
148827;"45130";"05113000";"Essen";;null;6
148828;"45131";"05113000";"Essen";;null;6
148829;"45133";"05113000";"Essen";;null;6
148830;"45134";"05113000";"Essen";;null;6
148831;"45136";"05113000";"Essen";;null;6
148832;"45138";"05113000";"Essen";;null;6
148833;"45139";"05113000";"Essen";;null;6
148834;"45141";"05113000";"Essen";;null;6
148835;"45143";"05113000";"Essen";;null;6
148836;"45144";"05113000";"Essen";;null;6
148837;"45145";"05113000";"Essen";;null;6
148838;"45147";"05113000";"Essen";;null;6
148839;"45149";"05113000";"Essen";;null;6
148849;"45219";"05113000";"Essen";;null;6
148855;"45239";"05113000";"Essen";;null;6
148861;"45257";"05113000";"Essen";;null;6
148862;"45259";"05113000";"Essen";;null;6
148869;"45276";"05113000";"Essen";;null;6
148870;"45277";"05113000";"Essen";;null;6
148871;"45279";"05113000";"Essen";;null;6
148874;"45289";"05113000";"Essen";;null;6
148880;"45307";"05113000";"Essen";;null;6
148881;"45309";"05113000";"Essen";;null;6
148888;"45326";"05113000";"Essen";;null;6
148889;"45327";"05113000";"Essen";;null;6
148890;"45329";"05113000";"Essen";;null;6
148900;"45355";"05113000";"Essen";;null;6
148901;"45356";"05113000";"Essen";;null;6
148902;"45357";"05113000";"Essen";;null;6
148903;"45359";"05113000";"Essen";;null;6
148945;"45468";"05117000";"Mülheim an der Ruhr";;null;6
148946;"45470";"05117000";"Mülheim an der Ruhr";;null;6
148947;"45472";"05117000";"Mülheim an der Ruhr";;null;6
148948;"45473";"05117000";"Mülheim an der Ruhr";;null;6
148949;"45475";"05117000";"Mülheim an der Ruhr";;null;6
148950;"45476";"05117000";"Mülheim an der Ruhr";;null;6
148951;"45478";"05117000";"Mülheim an der Ruhr";;null;6
148952;"45479";"05117000";"Mülheim an der Ruhr";;null;6
148953;"45481";"05117000";"Mülheim an der Ruhr";;null;6
148963;"45525";"05954016";"Hattingen";;null;6
148964;"45527";"05954016";"Hattingen";;null;6
148965;"45529";"05954016";"Hattingen";;null;6
148972;"45549";"05954028";"Sprockhövel";;null;6
149003;"45657";"05562032";"Recklinghausen";;null;6
149004;"45659";"05562032";"Recklinghausen";;null;6
149005;"45661";"05562032";"Recklinghausen";;null;6
149006;"45663";"05562032";"Recklinghausen";;null;6
149007;"45665";"05562032";"Recklinghausen";;null;6
149024;"45699";"05562020";"Herten";;null;6
149025;"45701";"05562020";"Herten";;null;6
149030;"45711";"05562008";"Datteln";;null;6
149037;"45721";"05562016";"Haltern am See";;null;6
149043;"45731";"05562036";"Waltrop";;null;6
149047;"45739";"05562028";"Oer-Erkenschwick";;null;6
149065;"45768";"05562024";"Marl";;null;6
149066;"45770";"05562024";"Marl";;null;6
149067;"45772";"05562024";"Marl";;null;6
149118;"45879";"05513000";"Gelsenkirchen";;null;6
149119;"45881";"05513000";"Gelsenkirchen";;null;6
149120;"45883";"05513000";"Gelsenkirchen";;null;6
149121;"45884";"05513000";"Gelsenkirchen";;null;6
149122;"45886";"05513000";"Gelsenkirchen";;null;6
149123;"45888";"05513000";"Gelsenkirchen";;null;6
149124;"45889";"05513000";"Gelsenkirchen";;null;6
149125;"45891";"05513000";"Gelsenkirchen";;null;6
149126;"45892";"05513000";"Gelsenkirchen";;null;6
149127;"45894";"05513000";"Gelsenkirchen";;null;6
149128;"45896";"05513000";"Gelsenkirchen";;null;6
149129;"45897";"05513000";"Gelsenkirchen";;null;6
149130;"45899";"05513000";"Gelsenkirchen";;null;6
149139;"45964";"05562014";"Gladbeck";;null;6
149140;"45966";"05562014";"Gladbeck";;null;6
149141;"45968";"05562014";"Gladbeck";;null;6
149165;"46045";"05119000";"Oberhausen";;null;6
149166;"46047";"05119000";"Oberhausen";;null;6
149167;"46049";"05119000";"Oberhausen";;null;6
149172;"46117";"05119000";"Oberhausen";;null;6
149173;"46119";"05119000";"Oberhausen";;null;6
149184;"46145";"05119000";"Oberhausen";;null;6
149185;"46147";"05119000";"Oberhausen";;null;6
149186;"46149";"05119000";"Oberhausen";;null;6
149208;"46236";"05512000";"Bottrop";;null;6
149209;"46238";"05512000";"Bottrop";;null;6
149210;"46240";"05512000";"Bottrop";;null;6
149211;"46242";"05512000";"Bottrop";;null;6
149212;"46244";"05512000";"Bottrop";;null;6
149228;"46282";"05562012";"Dorsten";;null;6
149229;"46284";"05562012";"Dorsten";;null;6
149230;"46286";"05562012";"Dorsten";;null;6
149241;"46325";"05554012";"Borken";;null;6
149245;"46342";"05554064";"Velen";;null;6
149248;"46348";"05554040";"Raesfeld";;null;6
149250;"46354";"05554060";"Südlohn";;null;6
149253;"46359";"05554028";"Heiden";;null;6
149272;"46395";"05554008";"Bocholt";;null;6
149273;"46397";"05554008";"Bocholt";;null;6
149274;"46399";"05554008";"Bocholt";;null;6
149277;"46414";"05554048";"Rhede";;null;6
149278;"46419";"05554032";"Isselburg";;null;6
149291;"46446";"05154008";"Emmerich am Rhein";;null;6
149295;"46459";"05154044";"Rees";;null;6
149311;"46483";"05170048";"Wesel";;null;6
149312;"46485";"05170048";"Wesel";;null;6
149313;"46487";"05170048";"Wesel";;null;6
149318;"46499";"05170012";"Hamminkeln";;null;6
149322;"46509";"05170052";"Xanten";;null;6
149325;"46514";"05170036";"Schermbeck";;null;6
149328;"46519";"05170004";"Alpen";;null;6
149337;"46535";"05170008";"Dinslaken";;null;6
149338;"46537";"05170008";"Dinslaken";;null;6
149339;"46539";"05170008";"Dinslaken";;null;6
149348;"46562";"05170044";"Voerde (Niederrhein)";;null;6
149351;"46569";"05170016";"Hünxe";;null;6
149384;"47051";"05112000";"Duisburg";;null;6
149385;"47053";"05112000";"Duisburg";;null;6
149386;"47055";"05112000";"Duisburg";;null;6
149387;"47057";"05112000";"Duisburg";;null;6
149388;"47058";"05112000";"Duisburg";;null;6
149389;"47059";"05112000";"Duisburg";;null;6
149400;"47119";"05112000";"Duisburg";;null;6
149410;"47137";"05112000";"Duisburg";;null;6
149411;"47138";"05112000";"Duisburg";;null;6
149412;"47139";"05112000";"Duisburg";;null;6
149424;"47166";"05112000";"Duisburg";;null;6
149425;"47167";"05112000";"Duisburg";;null;6
149426;"47169";"05112000";"Duisburg";;null;6
149430;"47178";"05112000";"Duisburg";;null;6
149431;"47179";"05112000";"Duisburg";;null;6
149438;"47198";"05112000";"Duisburg";;null;6
149439;"47199";"05112000";"Duisburg";;null;6
149447;"47226";"05112000";"Duisburg";;null;6
149448;"47228";"05112000";"Duisburg";;null;6
149449;"47229";"05112000";"Duisburg";;null;6
149453;"47239";"05112000";"Duisburg";;null;6
149455;"47249";"05112000";"Duisburg";;null;6
149459;"47259";"05112000";"Duisburg";;null;6
149462;"47269";"05112000";"Duisburg";;null;6
149463;"47279";"05112000";"Duisburg";;null;6
149494;"47441";"05170024";"Moers";;null;6
149495;"47443";"05170024";"Moers";;null;6
149496;"47445";"05170024";"Moers";;null;6
149497;"47447";"05170024";"Moers";;null;6
149507;"47475";"05170020";"Kamp-Lintfort";;null;6
149515;"47495";"05170032";"Rheinberg";;null;6
149523;"47506";"05170028";"Neukirchen-Vluyn";;null;6
149525;"47509";"05154048";"Rheurdt";;null;6
149537;"47533";"05154036";"Kleve";;null;6
149538;"47546";"05154024";"Kalkar";;null;6
149541;"47551";"05154004";"Bedburg-Hau";;null;6
149542;"47559";"05154040";"Kranenburg";;null;6
149549;"47574";"05154016";"Goch";;null;6
149551;"47589";"05154056";"Uedem";;null;6
149562;"47608";"05154012";"Geldern";;null;6
149566;"47623";"05154032";"Kevelaer";;null;6
149567;"47624";"05154032";"Kevelaer";;null;6
149568;"47625";"05154032";"Kevelaer";;null;6
149569;"47626";"05154032";"Kevelaer";;null;6
149570;"47627";"05154032";"Kevelaer";;null;6
149575;"47638";"05154052";"Straelen";;null;6
149580;"47647";"05154028";"Kerken";;null;6
149583;"47652";"05154064";"Weeze";;null;6
149586;"47661";"05154020";"Issum";;null;6
149589;"47665";"05170040";"Sonsbeck";;null;6
149592;"47669";"05154060";"Wachtendonk";;null;6
149645;"47798";"05114000";"Krefeld";;null;6
149646;"47799";"05114000";"Krefeld";;null;6
149647;"47800";"05114000";"Krefeld";;null;6
149648;"47802";"05114000";"Krefeld";;null;6
149649;"47803";"05114000";"Krefeld";;null;6
149650;"47804";"05114000";"Krefeld";;null;6
149651;"47805";"05114000";"Krefeld";;null;6
149652;"47807";"05114000";"Krefeld";;null;6
149653;"47809";"05114000";"Krefeld";;null;6
149660;"47829";"05114000";"Krefeld";;null;6
149664;"47839";"05114000";"Krefeld";;null;6
149677;"47877";"05166036";"Willich";;null;6
149697;"47906";"05166012";"Kempen";;null;6
149703;"47918";"05166028";"Tönisvorst";;null;6
149708;"47929";"05166008";"Grefrath";;null;6
149811;"48143";"05515000";"Münster";;null;6
149812;"48145";"05515000";"Münster";;null;6
149813;"48147";"05515000";"Münster";;null;6
149814;"48149";"05515000";"Münster";;null;6
149815;"48151";"05515000";"Münster";;null;6
149816;"48153";"05515000";"Münster";;null;6
149817;"48155";"05515000";"Münster";;null;6
149818;"48157";"05515000";"Münster";;null;6
149819;"48159";"05515000";"Münster";;null;6
149820;"48161";"05515000";"Münster";;null;6
149821;"48163";"05515000";"Münster";;null;6
149822;"48165";"05515000";"Münster";;null;6
149823;"48167";"05515000";"Münster";;null;6
149841;"48231";"05570052";"Warendorf";;null;6
149848;"48249";"05558016";"Dülmen";;null;6
149861;"48268";"05566012";"Greven";;null;6
149868;"48282";"05566008";"Emsdetten";;null;6
149871;"48291";"05570044";"Telgte";;null;6
149877;"48301";"05558032";"Nottuln";;null;6
149880;"48308";"05558044";"Senden";;null;6
149881;"48317";"05570016";"Drensteinfurt";;null;6
149884;"48324";"05570040";"Sendenhorst";;null;6
149887;"48329";"05558020";"Havixbeck";;null;6
149890;"48336";"05570036";"Sassenberg";;null;6
149894;"48341";"05566004";"Altenberge";;null;6
149897;"48346";"05570032";"Ostbevern";;null;6
149901;"48351";"05570024";"Everswinkel";;null;6
149902;"48356";"05566064";"Nordwalde";;null;6
149905;"48361";"05570012";"Beelen";;null;6
149908;"48366";"05566036";"Laer";;null;6
149910;"48369";"05566080";"Saerbeck";;null;6
149928;"48429";"05566076";"Rheine";;null;6
149929;"48431";"05566076";"Rheine";;null;6
149930;"48432";"05566076";"Rheine";;null;6
149935;"48477";"05566016";"Hörstel";;null;6
149939;"48485";"05566060";"Neuenkirchen";;null;6
149943;"48493";"05566096";"Wettringen";;null;6
149945;"48496";"05566020";"Hopsten";;null;6
149958;"48565";"05566084";"Steinfurt";;null;6
149973;"48599";"05554020";"Gronau (Westf.)";;null;6
149979;"48607";"05566068";"Ochtrup";;null;6
149980;"48612";"05566024";"Horstmar";;null;6
149983;"48619";"05554024";"Heek";;null;6
149984;"48624";"05554052";"Schöppingen";;null;6
149987;"48629";"05566052";"Metelen";;null;6
150002;"48653";"05558012";"Coesfeld";;null;6
150014;"48683";"05554004";"Ahaus";;null;6
150018;"48691";"05554068";"Vreden";;null;6
150026;"48703";"05554056";"Stadtlohn";;null;6
150031;"48712";"05554016";"Gescher";;null;6
150035;"48720";"05558040";"Rosendahl";;null;6
150039;"48727";"05558008";"Billerbeck";;null;6
150041;"48734";"05554044";"Reken";;null;6
150044;"48739";"05554036";"Legden";;null;6
150053;"49477";"05566028";"Ibbenbüren";;null;6
150054;"49479";"05566028";"Ibbenbüren";;null;6
150057;"49492";"05566092";"Westerkappeln";;null;6
150058;"49497";"05566056";"Mettingen";;null;6
150062;"49504";"05566048";"Lotte";;null;6
150065;"49509";"05566072";"Recke";;null;6
150074;"49525";"05566040";"Lengerich";;null;6
150078;"49536";"05566044";"Lienen";;null;6
150080;"49545";"05566088";"Tecklenburg";;null;6
150083;"49549";"05566032";"Ladbergen";;null;6
150099;"50126";"05362008";"Bergheim";;null;6
150100;"50127";"05362008";"Bergheim";;null;6
150101;"50129";"05362008";"Bergheim";;null;6
150116;"50169";"05362032";"Kerpen";;null;6
150117;"50170";"05362032";"Kerpen";;null;6
150118;"50171";"05362032";"Kerpen";;null;6
150124;"50181";"05362004";"Bedburg";;null;6
150129;"50189";"05362016";"Elsdorf";;null;6
150142;"50226";"05362024";"Frechen";;null;6
150148;"50259";"05362036";"Pulheim";;null;6
150160;"50321";"05362012";"Brühl";;null;6
150174;"50354";"05362028";"Hürth";;null;6
150184;"50374";"05362020";"Erftstadt";;null;6
150192;"50389";"05362040";"Wesseling";;null;6
150382;"50667";"05315000";"Köln";;null;6
150383;"50668";"05315000";"Köln";;null;6
150384;"50670";"05315000";"Köln";;null;6
150385;"50672";"05315000";"Köln";;null;6
150386;"50674";"05315000";"Köln";;null;6
150387;"50676";"05315000";"Köln";;null;6
150388;"50677";"05315000";"Köln";;null;6
150389;"50678";"05315000";"Köln";;null;6
150390;"50679";"05315000";"Köln";;null;6
150413;"50733";"05315000";"Köln";;null;6
150414;"50735";"05315000";"Köln";;null;6
150415;"50737";"05315000";"Köln";;null;6
150416;"50739";"05315000";"Köln";;null;6
150431;"50765";"05315000";"Köln";;null;6
150432;"50767";"05315000";"Köln";;null;6
150433;"50769";"05315000";"Köln";;null;6
150457;"50823";"05315000";"Köln";;null;6
150458;"50825";"05315000";"Köln";;null;6
150459;"50827";"05315000";"Köln";;null;6
150460;"50829";"05315000";"Köln";;null;6
150471;"50858";"05315000";"Köln";;null;6
150472;"50859";"05315000";"Köln";;null;6
150511;"50931";"05315000";"Köln";;null;6
150512;"50933";"05315000";"Köln";;null;6
150513;"50935";"05315000";"Köln";;null;6
150514;"50937";"05315000";"Köln";;null;6
150515;"50939";"05315000";"Köln";;null;6
150532;"50968";"05315000";"Köln";;null;6
150533;"50969";"05315000";"Köln";;null;6
150549;"50996";"05315000";"Köln";;null;6
150550;"50997";"05315000";"Köln";;null;6
150551;"50999";"05315000";"Köln";;null;6
150578;"51061";"05315000";"Köln";;null;6
150579;"51063";"05315000";"Köln";;null;6
150580;"51065";"05315000";"Köln";;null;6
150581;"51067";"05315000";"Köln";;null;6
150582;"51069";"05315000";"Köln";;null;6
150600;"51103";"05315000";"Köln";;null;6
150601;"51105";"05315000";"Köln";;null;6
150602;"51107";"05315000";"Köln";;null;6
150603;"51109";"05315000";"Köln";;null;6
150622;"51143";"05315000";"Köln";;null;6
150623;"51145";"05315000";"Köln";;null;6
150624;"51147";"05315000";"Köln";;null;6
150625;"51149";"05315000";"Köln";;null;6
150703;"51371";"05316000";"Leverkusen";;null;6
150704;"51373";"05316000";"Leverkusen";;null;6
150705;"51375";"05316000";"Leverkusen";;null;6
150707;"51377";"05316000";"Leverkusen";;null;6
150708;"51379";"05316000";"Leverkusen";;null;6
150709;"51381";"05316000";"Leverkusen";;null;6
150716;"51399";"05378008";"Burscheid";;null;6
150733;"51427";"05378004";"Bergisch Gladbach";;null;6
150734;"51429";"05378004";"Bergisch Gladbach";;null;6
150758;"51465";"05378004";"Bergisch Gladbach";;null;6
150759;"51467";"05378004";"Bergisch Gladbach";;null;6
150760;"51467";"05315000";"Köln";;null;6
150761;"51469";"05378004";"Bergisch Gladbach";;null;6
150767;"51491";"05378024";"Overath";;null;6
150776;"51503";"05378028";"Rösrath";;null;6
150783;"51515";"05378012";"Kürten";;null;6
150786;"51519";"05378020";"Odenthal";;null;6
150795;"51545";"05374044";"Waldbröl";;null;6
150799;"51570";"05382076";"Windeck";;null;6
150803;"51580";"05374040";"Reichshof";;null;6
150807;"51588";"05374032";"Nümbrecht";;null;6
150812;"51597";"05374028";"Morsbach";;null;6
150833;"51643";"05374012";"Gummersbach";;null;6
150834;"51645";"05374012";"Gummersbach";;null;6
150835;"51647";"05374012";"Gummersbach";;null;6
150844;"51674";"05374048";"Wiehl";;null;6
150850;"51688";"05374052";"Wipperfürth";;null;6
150858;"51702";"05374004";"Bergneustadt";;null;6
150859;"51709";"05374024";"Marienheide";;null;6
150866;"51766";"05374008";"Engelskirchen";;null;6
150872;"51789";"05374020";"Lindlar";;null;6
150922;"52062";"05334002";"Aachen";;null;6
150923;"52064";"05334002";"Aachen";;null;6
150924;"52066";"05334002";"Aachen";;null;6
150925;"52068";"05334002";"Aachen";;null;6
150926;"52070";"05334002";"Aachen";;null;6
150927;"52072";"05334002";"Aachen";;null;6
150928;"52074";"05334002";"Aachen";;null;6
150929;"52076";"05334002";"Aachen";;null;6
150930;"52078";"05334002";"Aachen";;null;6
150931;"52080";"05334002";"Aachen";;null;6
150961;"52134";"05334016";"Herzogenrath";;null;6
150967;"52146";"05334036";"Würselen";;null;6
150970;"52152";"05334028";"Simmerath";;null;6
150972;"52156";"05334020";"Monschau";;null;6
150974;"52159";"05334024";"Roetgen";;null;6
150983;"52222";"05334032";"Stolberg (Rhld.)";;null;6
150984;"52223";"05334032";"Stolberg (Rhld.)";;null;6
150985;"52224";"05334032";"Stolberg (Rhld.)";;null;6
150995;"52249";"05334012";"Eschweiler";;null;6
151026;"52349";"05358008";"Düren";;null;6
151027;"52351";"05358008";"Düren";;null;6
151028;"52353";"05358008";"Düren";;null;6
151029;"52355";"05358008";"Düren";;null;6
151033;"52372";"05358028";"Kreuzau";;null;6
151037;"52379";"05358032";"Langerwehe";;null;6
151038;"52382";"05358048";"Niederzier";;null;6
151040;"52385";"05358044";"Nideggen";;null;6
151042;"52388";"05358052";"Nörvenich";;null;6
151043;"52391";"05358060";"Vettweiß";;null;6
151044;"52393";"05358016";"Hürtgenwald";;null;6
151045;"52396";"05358012";"Heimbach";;null;6
151047;"52399";"05358040";"Merzenich";;null;6
151063;"52428";"05358024";"Jülich";;null;6
151066;"52441";"05358036";"Linnich";;null;6
151067;"52445";"05358056";"Titz";;null;6
151072;"52457";"05358004";"Aldenhoven";;null;6
151074;"52459";"05358020";"Inden";;null;6
151082;"52477";"05334004";"Alsdorf";;null;6
151087;"52499";"05334008";"Baesweiler";;null;6
151093;"52511";"05370012";"Geilenkirchen";;null;6
151101;"52525";"05370016";"Heinsberg";;null;6
151102;"52525";"05370032";"Waldfeucht";;null;6
151105;"52531";"05370028";"Übach-Palenberg";;null;6
151110;"52538";"05370008";"Gangelt";;null;6
151111;"52538";"05370024";"Selfkant";;null;6
151185;"53111";"05314000";"Bonn";;null;6
151186;"53113";"05314000";"Bonn";;null;6
151187;"53115";"05314000";"Bonn";;null;6
151188;"53117";"05314000";"Bonn";;null;6
151189;"53119";"05314000";"Bonn";;null;6
151190;"53121";"05314000";"Bonn";;null;6
151191;"53123";"05314000";"Bonn";;null;6
151192;"53125";"05314000";"Bonn";;null;6
151193;"53127";"05314000";"Bonn";;null;6
151194;"53129";"05314000";"Bonn";;null;6
151221;"53173";"05314000";"Bonn";;null;6
151222;"53175";"05314000";"Bonn";;null;6
151223;"53177";"05314000";"Bonn";;null;6
151224;"53179";"05314000";"Bonn";;null;6
151250;"53225";"05314000";"Bonn";;null;6
151251;"53227";"05314000";"Bonn";;null;6
151252;"53229";"05314000";"Bonn";;null;6
151301;"53332";"05382012";"Bornheim";;null;6
151306;"53340";"05382032";"Meckenheim";;null;6
151307;"53343";"05382072";"Wachtberg";;null;6
151309;"53347";"05382004";"Alfter";;null;6
151315;"53359";"05382048";"Rheinbach";;null;6
151328;"53604";"05382008";"Bad Honnef";;null;6
151337;"53639";"05382024";"Königswinter";;null;6
151353;"53721";"05382060";"Siegburg";;null;6
151367;"53757";"05382056";"Sankt Augustin";;null;6
151375;"53773";"05382020";"Hennef (Sieg)";;null;6
151380;"53783";"05382016";"Eitorf";;null;6
151385;"53797";"05382028";"Lohmar";;null;6
151389;"53804";"05382036";"Much";;null;6
151392;"53809";"05382052";"Ruppichteroth";;null;6
151397;"53819";"05382040";"Neunkirchen-Seelscheid";;null;6
151411;"53840";"05382068";"Troisdorf";;null;6
151412;"53842";"05382068";"Troisdorf";;null;6
151413;"53844";"05382068";"Troisdorf";;null;6
151416;"53859";"05382044";"Niederkassel";;null;6
151428;"53879";"05366016";"Euskirchen";;null;6
151429;"53881";"05366016";"Euskirchen";;null;6
151436;"53894";"05366028";"Mechernich";;null;6
151440;"53902";"05366004";"Bad Münstereifel";;null;6
151444;"53909";"05366044";"Zülpich";;null;6
151447;"53913";"05382064";"Swisttal";;null;6
151451;"53919";"05366040";"Weilerswist";;null;6
151452;"53925";"05366024";"Kall";;null;6
151457;"53937";"05366036";"Schleiden";;null;6
151459;"53940";"05366020";"Hellenthal";;null;6
151462;"53945";"05366008";"Blankenheim";;null;6
151464;"53947";"05366032";"Nettersheim";;null;6
151465;"53949";"05366012";"Dahlem";;null;6
151504;"57072";"05970040";"Siegen";;null;6
151505;"57074";"05970040";"Siegen";;null;6
151506;"57076";"05970040";"Siegen";;null;6
151507;"57078";"05970040";"Siegen";;null;6
151508;"57080";"05970040";"Siegen";;null;6
151523;"57223";"05970024";"Kreuztal";;null;6
151528;"57234";"05970044";"Wilnsdorf";;null;6
151536;"57250";"05970032";"Netphen";;null;6
151540;"57258";"05970016";"Freudenberg";;null;6
151541;"57271";"05970020";"Hilchenbach";;null;6
151551;"57290";"05970036";"Neunkirchen";;null;6
151555;"57299";"05970008";"Burbach";;null;6
151563;"57319";"05970004";"Bad Berleburg";;null;6
151568;"57334";"05970028";"Bad Laasphe";;null;6
151570;"57339";"05970012";"Erndtebrück";;null;6
151578;"57368";"05966020";"Lennestadt";;null;6
151585;"57392";"05958040";"Schmallenberg";;null;6
151589;"57399";"05966016";"Kirchhundem";;null;6
151594;"57413";"05966012";"Finnentrop";;null;6
151600;"57439";"05966004";"Attendorn";;null;6
151611;"57462";"05966024";"Olpe";;null;6
151615;"57482";"05966028";"Wenden";;null;6
151619;"57489";"05966008";"Drolshagen";;null;6
151681;"58089";"05914000";"Hagen";;null;6
151682;"58091";"05914000";"Hagen";;null;6
151683;"58093";"05914000";"Hagen";;null;6
151684;"58095";"05914000";"Hagen";;null;6
151685;"58097";"05914000";"Hagen";;null;6
151686;"58099";"05914000";"Hagen";;null;6
151695;"58119";"05914000";"Hagen";;null;6
151703;"58135";"05914000";"Hagen";;null;6
151726;"58239";"05978028";"Schwerte";;null;6
151736;"58256";"05954008";"Ennepetal";;null;6
151753;"58285";"05954012";"Gevelsberg";;null;6
151762;"58300";"05954032";"Wetter (Ruhr)";;null;6
151770;"58313";"05954020";"Herdecke";;null;6
151781;"58332";"05954024";"Schwelm";;null;6
151786;"58339";"05954004";"Breckerfeld";;null;6
151812;"58452";"05954036";"Witten";;null;6
151813;"58453";"05954036";"Witten";;null;6
151814;"58454";"05954036";"Witten";;null;6
151815;"58455";"05954036";"Witten";;null;6
151816;"58456";"05954036";"Witten";;null;6
151842;"58507";"05962032";"Lüdenscheid";;null;6
151843;"58509";"05962032";"Lüdenscheid";;null;6
151844;"58511";"05962032";"Lüdenscheid";;null;6
151845;"58513";"05962032";"Lüdenscheid";;null;6
151846;"58515";"05962032";"Lüdenscheid";;null;6
151852;"58540";"05962036";"Meinerzhagen";;null;6
151858;"58553";"05962012";"Halver";;null;6
151864;"58566";"05962028";"Kierspe";;null;6
151870;"58579";"05962056";"Schalksmühle";;null;6
151899;"58636";"05962024";"Iserlohn";;null;6
151900;"58638";"05962024";"Iserlohn";;null;6
151901;"58640";"05962024";"Iserlohn";;null;6
151902;"58642";"05962024";"Iserlohn";;null;6
151903;"58644";"05962024";"Iserlohn";;null;6
151915;"58675";"05962016";"Hemer";;null;6
151931;"58706";"05962040";"Menden (Sauerland)";;null;6
151932;"58708";"05962040";"Menden (Sauerland)";;null;6
151933;"58710";"05962040";"Menden (Sauerland)";;null;6
151939;"58730";"05978012";"Fröndenberg/Ruhr";;null;6
151945;"58739";"05974056";"Wickede (Ruhr)";;null;6
151955;"58762";"05962004";"Altena";;null;6
151957;"58769";"05962044";"Nachrodt-Wiblingwerde";;null;6
151966;"58791";"05962060";"Werdohl";;null;6
151972;"58802";"05962008";"Balve";;null;6
151977;"58809";"05962048";"Neuenrade";;null;6
151992;"58840";"05962052";"Plettenberg";;null;6
151996;"58849";"05962020";"Herscheid";;null;6
152037;"59063";"05915000";"Hamm";;null;6
152038;"59065";"05915000";"Hamm";;null;6
152039;"59067";"05915000";"Hamm";;null;6
152040;"59069";"05915000";"Hamm";;null;6
152041;"59071";"05915000";"Hamm";;null;6
152042;"59073";"05915000";"Hamm";;null;6
152043;"59075";"05915000";"Hamm";;null;6
152044;"59077";"05915000";"Hamm";;null;6
152059;"59174";"05978020";"Kamen";;null;6
152067;"59192";"05978004";"Bergkamen";;null;6
152071;"59199";"05978008";"Bönen";;null;6
152088;"59227";"05570004";"Ahlen";;null;6
152089;"59229";"05570004";"Ahlen";;null;6
152105;"59269";"05570008";"Beckum";;null;6
152115;"59302";"05570028";"Oelde";;null;6
152121;"59320";"05570020";"Ennigerloh";;null;6
152124;"59329";"05570048";"Wadersloh";;null;6
152131;"59348";"05558024";"Lüdinghausen";;null;6
152140;"59368";"05978040";"Werne";;null;6
152145;"59379";"05978032";"Selm";;null;6
152149;"59387";"05558004";"Ascheberg";;null;6
152150;"59394";"05558028";"Nordkirchen";;null;6
152153;"59399";"05558036";"Olfen";;null;6
152167;"59423";"05978036";"Unna";;null;6
152168;"59425";"05978036";"Unna";;null;6
152169;"59427";"05978036";"Unna";;null;6
152174;"59439";"05978016";"Holzwickede";;null;6
152176;"59457";"05974052";"Werl";;null;6
152180;"59469";"05974012";"Ense";;null;6
152199;"59494";"05974040";"Soest";;null;6
152203;"59505";"05974008";"Bad Sassendorf";;null;6
152205;"59510";"05974024";"Lippetal";;null;6
152208;"59514";"05974048";"Welver";;null;6
152212;"59519";"05974032";"Möhnesee";;null;6
152235;"59555";"05974028";"Lippstadt";;null;6
152236;"59556";"05974028";"Lippstadt";;null;6
152237;"59557";"05974028";"Lippstadt";;null;6
152238;"59558";"05974028";"Lippstadt";;null;6
152248;"59581";"05974044";"Warstein";;null;6
152253;"59590";"05974020";"Geseke";;null;6
152257;"59597";"05974016";"Erwitte";;null;6
152261;"59602";"05974036";"Rüthen";;null;6
152265;"59609";"05974004";"Anröchte";;null;6
152289;"59755";"05958004";"Arnsberg";;null;6
152290;"59757";"05958004";"Arnsberg";;null;6
152291;"59759";"05958004";"Arnsberg";;null;6
152302;"59821";"05958004";"Arnsberg";;null;6
152303;"59823";"05958004";"Arnsberg";;null;6
152313;"59846";"05958044";"Sundern (Sauerland)";;null;6
152324;"59872";"05958032";"Meschede";;null;6
152327;"59889";"05958016";"Eslohe (Sauerland)";;null;6
152331;"59909";"05958008";"Bestwig";;null;6
152339;"59929";"05958012";"Brilon";;null;6
152344;"59939";"05958036";"Olsberg";;null;6
152349;"59955";"05958048";"Winterberg";;null;6
152353;"59964";"05958028";"Medebach";;null;6
152356;"59969";"05958020";"Hallenberg";;null;6
